filename,width,height,depth
BikesHelmets765.png,400,225,3
BikesHelmets759.png,400,267,3
BikesHelmets573.png,499,333,3
BikesHelmets215.png,400,280,3
BikesHelmets201.png,500,398,3
BikesHelmets567.png,494,361,3
BikesHelmets229.png,400,267,3
BikesHelmets17.png,400,225,3
BikesHelmets598.png,450,300,3
BikesHelmets407.png,468,280,3
BikesHelmets361.png,400,267,3
BikesHelmets375.png,400,214,3
BikesHelmets413.png,400,225,3
BikesHelmets349.png,400,368,3
BikesHelmets163.png,400,267,3
BikesHelmets605.png,450,337,3
BikesHelmets611.png,400,246,3
BikesHelmets177.png,425,282,3
BikesHelmets639.png,400,273,3
BikesHelmets188.png,400,267,3
BikesHelmets189.png,261,400,3
BikesHelmets638.png,317,400,3
BikesHelmets610.png,305,400,3
BikesHelmets176.png,400,274,3
BikesHelmets162.png,399,600,3
BikesHelmets604.png,400,267,3
BikesHelmets348.png,507,338,3
BikesHelmets374.png,450,350,3
BikesHelmets412.png,399,400,3
BikesHelmets406.png,400,400,3
BikesHelmets360.png,400,267,3
BikesHelmets599.png,400,301,3
BikesHelmets16.png,400,267,3
BikesHelmets228.png,500,376,3
BikesHelmets200.png,494,351,3
BikesHelmets566.png,400,226,3
BikesHelmets572.png,400,259,3
BikesHelmets214.png,400,300,3
BikesHelmets758.png,400,300,3
BikesHelmets764.png,400,400,3
BikesHelmets564.png,400,400,3
BikesHelmets202.png,400,291,3
BikesHelmets216.png,400,214,3
BikesHelmets570.png,400,300,3
BikesHelmets558.png,400,300,3
BikesHelmets14.png,400,223,3
BikesHelmets28.png,450,273,3
BikesHelmets410.png,400,223,3
BikesHelmets376.png,400,296,3
BikesHelmets362.png,320,180,3
BikesHelmets404.png,400,225,3
BikesHelmets438.png,400,287,3
BikesHelmets389.png,400,223,3
BikesHelmets174.png,400,280,3
BikesHelmets612.png,300,225,3
BikesHelmets606.png,400,350,3
BikesHelmets160.png,400,267,3
BikesHelmets148.png,389,400,3
BikesHelmets149.png,400,300,3
BikesHelmets607.png,400,277,3
BikesHelmets161.png,400,312,3
BikesHelmets175.png,400,281,3
BikesHelmets613.png,400,247,3
BikesHelmets388.png,250,188,3
BikesHelmets439.png,400,216,3
BikesHelmets363.png,400,267,3
BikesHelmets405.png,400,156,3
BikesHelmets411.png,400,226,3
BikesHelmets377.png,400,265,3
BikesHelmets29.png,520,355,3
BikesHelmets15.png,240,160,3
BikesHelmets559.png,400,247,3
BikesHelmets217.png,400,267,3
BikesHelmets571.png,400,395,3
BikesHelmets565.png,400,267,3
BikesHelmets203.png,400,267,3
BikesHelmets9.png,400,234,3
BikesHelmets763.png,400,267,3
BikesHelmets549.png,400,267,3
BikesHelmets207.png,400,328,3
BikesHelmets561.png,400,300,3
BikesHelmets575.png,288,400,3
BikesHelmets213.png,400,301,3
BikesHelmets39.png,450,289,3
BikesHelmets11.png,600,450,3
BikesHelmets429.png,400,267,3
BikesHelmets373.png,400,269,3
BikesHelmets415.png,400,267,3
BikesHelmets401.png,400,300,3
BikesHelmets367.png,576,451,3
BikesHelmets398.png,400,235,3
BikesHelmets159.png,400,267,3
BikesHelmets617.png,400,267,3
BikesHelmets171.png,400,203,3
BikesHelmets165.png,400,225,3
BikesHelmets603.png,400,267,3
BikesHelmets164.png,400,268,3
BikesHelmets602.png,400,226,3
BikesHelmets616.png,300,200,3
BikesHelmets170.png,400,266,3
BikesHelmets158.png,400,266,3
BikesHelmets399.png,400,267,3
BikesHelmets400.png,400,387,3
BikesHelmets366.png,400,225,3
BikesHelmets372.png,400,266,3
BikesHelmets414.png,600,341,3
BikesHelmets428.png,236,326,3
BikesHelmets10.png,400,241,3
BikesHelmets38.png,400,277,3
BikesHelmets574.png,400,268,3
BikesHelmets212.png,400,266,3
BikesHelmets206.png,250,375,3
BikesHelmets560.png,340,400,3
BikesHelmets548.png,400,267,3
BikesHelmets762.png,400,371,3
BikesHelmets8.png,400,300,3
BikesHelmets748.png,400,267,3
BikesHelmets760.png,494,345,3
BikesHelmets238.png,400,208,3
BikesHelmets210.png,400,266,3
BikesHelmets576.png,267,400,3
BikesHelmets562.png,263,463,3
BikesHelmets204.png,400,300,3
BikesHelmets589.png,400,256,3
BikesHelmets12.png,480,360,3
BikesHelmets358.png,400,300,3
BikesHelmets364.png,400,273,3
BikesHelmets402.png,400,228,3
BikesHelmets416.png,305,400,3
BikesHelmets370.png,320,240,3
BikesHelmets628.png,400,300,3
BikesHelmets600.png,400,257,3
BikesHelmets166.png,400,400,3
BikesHelmets172.png,555,407,3
BikesHelmets614.png,400,267,3
BikesHelmets199.png,400,225,3
BikesHelmets198.png,379,400,3
BikesHelmets173.png,400,327,3
BikesHelmets615.png,400,266,3
BikesHelmets601.png,291,400,3
BikesHelmets167.png,586,331,3
BikesHelmets629.png,400,267,3
BikesHelmets417.png,400,261,3
BikesHelmets371.png,400,242,3
BikesHelmets365.png,359,247,3
BikesHelmets403.png,400,240,3
BikesHelmets359.png,400,214,3
BikesHelmets13.png,598,557,3
BikesHelmets588.png,400,250,3
BikesHelmets563.png,400,250,3
BikesHelmets205.png,507,338,3
BikesHelmets211.png,400,267,3
BikesHelmets577.png,400,271,3
BikesHelmets239.png,400,267,3
BikesHelmets761.png,586,331,3
BikesHelmets749.png,450,360,3
BikesHelmets712.png,400,208,3
BikesHelmets706.png,400,300,3
BikesHelmets276.png,400,225,3
BikesHelmets510.png,400,267,3
BikesHelmets504.png,400,300,3
BikesHelmets262.png,553,369,3
BikesHelmets538.png,388,400,3
BikesHelmets74.png,400,267,3
BikesHelmets60.png,400,300,3
BikesHelmets289.png,404,500,3
BikesHelmets48.png,404,567,3
BikesHelmets302.png,400,250,3
BikesHelmets464.png,400,334,3
BikesHelmets470.png,300,400,3
BikesHelmets316.png,268,400,3
BikesHelmets458.png,400,247,3
BikesHelmets666.png,400,267,3
BikesHelmets100.png,400,305,3
BikesHelmets114.png,400,300,3
BikesHelmets672.png,400,225,3
BikesHelmets128.png,400,269,3
BikesHelmets699.png,480,360,3
BikesHelmets698.png,388,400,3
BikesHelmets129.png,400,267,3
BikesHelmets115.png,400,259,3
BikesHelmets673.png,560,373,3
BikesHelmets667.png,400,225,3
BikesHelmets101.png,400,225,3
BikesHelmets459.png,400,225,3
BikesHelmets471.png,400,276,3
BikesHelmets317.png,553,369,3
BikesHelmets303.png,400,218,3
BikesHelmets465.png,400,247,3
BikesHelmets288.png,400,247,3
BikesHelmets49.png,400,250,3
BikesHelmets61.png,600,450,3
BikesHelmets75.png,400,300,3
BikesHelmets539.png,400,267,3
BikesHelmets505.png,572,375,3
BikesHelmets263.png,400,267,3
BikesHelmets277.png,400,225,3
BikesHelmets511.png,400,263,3
BikesHelmets707.png,470,350,3
BikesHelmets713.png,520,355,3
BikesHelmets705.png,400,270,3
BikesHelmets711.png,268,400,3
BikesHelmets739.png,400,225,3
BikesHelmets261.png,400,313,3
BikesHelmets507.png,400,267,3
BikesHelmets513.png,494,520,3
BikesHelmets275.png,400,400,3
BikesHelmets88.png,400,267,3
BikesHelmets249.png,267,400,3
BikesHelmets63.png,360,600,3
BikesHelmets77.png,400,300,3
BikesHelmets315.png,600,400,3
BikesHelmets473.png,480,360,3
BikesHelmets467.png,400,294,3
BikesHelmets301.png,267,400,3
BikesHelmets329.png,400,267,3
BikesHelmets498.png,600,400,3
BikesHelmets671.png,400,240,3
BikesHelmets117.png,246,347,3
BikesHelmets103.png,400,263,3
BikesHelmets665.png,400,281,3
BikesHelmets659.png,400,225,3
BikesHelmets658.png,468,280,3
BikesHelmets102.png,389,400,3
BikesHelmets664.png,500,375,3
BikesHelmets670.png,400,283,3
BikesHelmets116.png,400,277,3
BikesHelmets499.png,400,267,3
BikesHelmets328.png,400,300,3
BikesHelmets466.png,400,300,3
BikesHelmets300.png,400,263,3
BikesHelmets314.png,400,299,3
BikesHelmets472.png,400,250,3
BikesHelmets76.png,400,250,3
BikesHelmets62.png,364,480,3
BikesHelmets89.png,400,225,3
BikesHelmets248.png,400,228,3
BikesHelmets512.png,400,300,3
BikesHelmets274.png,400,300,3
BikesHelmets260.png,400,266,3
BikesHelmets506.png,500,428,3
BikesHelmets738.png,236,352,3
BikesHelmets710.png,400,258,3
BikesHelmets704.png,400,300,3
BikesHelmets728.png,400,267,3
BikesHelmets700.png,600,459,3
BikesHelmets714.png,220,300,3
BikesHelmets99.png,400,245,3
BikesHelmets258.png,300,400,3
BikesHelmets502.png,400,218,3
BikesHelmets264.png,400,290,3
BikesHelmets270.png,400,387,3
BikesHelmets516.png,400,267,3
BikesHelmets66.png,400,300,3
BikesHelmets72.png,400,251,3
BikesHelmets338.png,400,301,3
BikesHelmets476.png,400,238,3
BikesHelmets310.png,400,267,3
BikesHelmets304.png,400,275,3
BikesHelmets462.png,400,179,3
BikesHelmets489.png,267,400,3
BikesHelmets648.png,400,267,3
BikesHelmets112.png,400,228,3
BikesHelmets674.png,400,328,3
BikesHelmets660.png,400,225,3
BikesHelmets106.png,400,261,3
BikesHelmets661.png,400,267,3
BikesHelmets107.png,400,114,3
BikesHelmets113.png,400,282,3
BikesHelmets675.png,480,480,3
BikesHelmets649.png,301,400,3
BikesHelmets488.png,350,263,3
BikesHelmets305.png,400,250,3
BikesHelmets463.png,350,233,3
BikesHelmets477.png,400,259,3
BikesHelmets311.png,400,300,3
BikesHelmets339.png,285,289,3
BikesHelmets73.png,400,300,3
BikesHelmets67.png,600,527,3
BikesHelmets271.png,400,300,3
BikesHelmets517.png,363,400,3
BikesHelmets503.png,400,267,3
BikesHelmets265.png,400,267,3
BikesHelmets98.png,400,231,3
BikesHelmets259.png,400,226,3
BikesHelmets715.png,400,267,3
BikesHelmets701.png,400,225,3
BikesHelmets729.png,400,267,3
BikesHelmets717.png,600,485,3
BikesHelmets703.png,400,225,3
BikesHelmets529.png,400,300,3
BikesHelmets515.png,400,267,3
BikesHelmets273.png,494,361,3
BikesHelmets267.png,553,369,3
BikesHelmets501.png,400,269,3
BikesHelmets298.png,400,274,3
BikesHelmets59.png,400,267,3
BikesHelmets71.png,586,331,3
BikesHelmets65.png,400,225,3
BikesHelmets449.png,400,262,3
BikesHelmets461.png,504,337,3
BikesHelmets307.png,400,267,3
BikesHelmets313.png,400,189,3
BikesHelmets475.png,600,400,3
BikesHelmets139.png,400,200,3
BikesHelmets105.png,400,225,3
BikesHelmets663.png,460,345,3
BikesHelmets677.png,600,412,3
BikesHelmets111.png,400,267,3
BikesHelmets688.png,400,300,3
BikesHelmets689.png,400,300,3
BikesHelmets676.png,448,336,3
BikesHelmets110.png,600,397,3
BikesHelmets104.png,400,267,3
BikesHelmets662.png,400,250,3
BikesHelmets138.png,400,277,3
BikesHelmets312.png,400,266,3
BikesHelmets474.png,400,267,3
BikesHelmets460.png,400,140,3
BikesHelmets306.png,600,478,3
BikesHelmets448.png,400,300,3
BikesHelmets64.png,400,267,3
BikesHelmets70.png,400,225,3
BikesHelmets299.png,400,395,3
BikesHelmets58.png,600,485,3
BikesHelmets266.png,400,281,3
BikesHelmets500.png,236,281,3
BikesHelmets514.png,400,228,3
BikesHelmets272.png,400,305,3
BikesHelmets528.png,400,242,3
BikesHelmets702.png,400,260,3
BikesHelmets716.png,400,225,3
BikesHelmets733.png,400,267,3
BikesHelmets727.png,600,400,3
BikesHelmets257.png,400,267,3
BikesHelmets96.png,400,208,3
BikesHelmets531.png,351,300,3
BikesHelmets82.png,400,267,3
BikesHelmets525.png,400,277,3
BikesHelmets243.png,400,330,3
BikesHelmets519.png,400,302,3
BikesHelmets294.png,400,200,3
BikesHelmets55.png,300,400,3
BikesHelmets41.png,400,300,3
BikesHelmets280.png,400,226,3
BikesHelmets69.png,400,267,3
BikesHelmets323.png,400,300,3
BikesHelmets445.png,400,229,3
BikesHelmets451.png,555,370,3
BikesHelmets337.png,320,310,3
BikesHelmets479.png,274,400,3
BikesHelmets486.png,400,259,3
BikesHelmets492.png,600,549,3
BikesHelmets647.png,550,366,3
BikesHelmets121.png,400,294,3
BikesHelmets135.png,261,400,3
BikesHelmets653.png,400,243,3
BikesHelmets109.png,320,480,3
BikesHelmets684.png,267,400,3
BikesHelmets690.png,400,292,3
BikesHelmets691.png,600,400,3
BikesHelmets685.png,400,300,3
BikesHelmets108.png,400,267,3
BikesHelmets134.png,400,250,3
BikesHelmets652.png,299,400,3
BikesHelmets646.png,400,242,3
BikesHelmets120.png,586,331,3
BikesHelmets493.png,400,300,3
BikesHelmets487.png,400,267,3
BikesHelmets478.png,400,174,3
BikesHelmets450.png,400,254,3
BikesHelmets336.png,494,345,3
BikesHelmets322.png,400,313,3
BikesHelmets444.png,200,159,3
BikesHelmets68.png,400,267,3
BikesHelmets40.png,225,400,3
BikesHelmets281.png,400,300,3
BikesHelmets295.png,261,400,3
BikesHelmets518.png,400,267,3
BikesHelmets524.png,400,225,3
BikesHelmets83.png,450,300,3
BikesHelmets242.png,400,267,3
BikesHelmets256.png,400,236,3
BikesHelmets530.png,400,267,3
BikesHelmets97.png,600,450,3
BikesHelmets726.png,586,331,3
BikesHelmets732.png,520,355,3
BikesHelmets724.png,400,225,3
BikesHelmets730.png,400,400,3
BikesHelmets718.png,400,218,3
BikesHelmets240.png,300,223,3
BikesHelmets526.png,200,227,3
BikesHelmets81.png,225,400,3
BikesHelmets532.png,400,600,3
BikesHelmets95.png,320,320,3
BikesHelmets254.png,180,180,3
BikesHelmets268.png,400,267,3
BikesHelmets283.png,400,225,3
BikesHelmets42.png,350,287,3
BikesHelmets56.png,400,267,3
BikesHelmets297.png,400,267,3
BikesHelmets334.png,400,286,3
BikesHelmets452.png,500,400,3
BikesHelmets446.png,400,250,3
BikesHelmets320.png,485,322,3
BikesHelmets308.png,400,245,3
BikesHelmets491.png,400,226,3
BikesHelmets485.png,400,400,3
BikesHelmets650.png,400,284,3
BikesHelmets136.png,400,190,3
BikesHelmets122.png,400,295,3
BikesHelmets644.png,400,246,3
BikesHelmets678.png,400,317,3
BikesHelmets693.png,400,267,3
BikesHelmets687.png,400,225,3
BikesHelmets686.png,400,205,3
BikesHelmets692.png,450,320,3
BikesHelmets679.png,400,226,3
BikesHelmets123.png,400,267,3
BikesHelmets645.png,400,294,3
BikesHelmets651.png,400,225,3
BikesHelmets137.png,400,255,3
BikesHelmets484.png,400,368,3
BikesHelmets490.png,400,400,3
BikesHelmets309.png,353,400,3
BikesHelmets447.png,400,321,3
BikesHelmets321.png,400,267,3
BikesHelmets335.png,300,400,3
BikesHelmets453.png,288,400,3
BikesHelmets57.png,400,226,3
BikesHelmets296.png,400,300,3
BikesHelmets282.png,344,400,3
BikesHelmets43.png,220,165,3
BikesHelmets269.png,400,267,3
BikesHelmets94.png,400,300,3
BikesHelmets533.png,586,390,3
BikesHelmets255.png,400,267,3
BikesHelmets241.png,400,267,3
BikesHelmets80.png,400,225,3
BikesHelmets527.png,400,219,3
BikesHelmets719.png,494,467,3
BikesHelmets731.png,400,324,3
BikesHelmets725.png,400,259,3
BikesHelmets709.png,400,267,3
BikesHelmets721.png,314,230,3
BikesHelmets735.png,400,267,3
BikesHelmets279.png,400,400,3
BikesHelmets523.png,400,292,3
BikesHelmets84.png,400,387,3
BikesHelmets245.png,400,400,3
BikesHelmets251.png,400,225,3
BikesHelmets537.png,400,267,3
BikesHelmets90.png,400,267,3
BikesHelmets47.png,400,264,3
BikesHelmets286.png,400,160,3
BikesHelmets292.png,460,345,3
BikesHelmets53.png,400,265,3
BikesHelmets319.png,400,267,3
BikesHelmets457.png,400,267,3
BikesHelmets331.png,300,199,3
BikesHelmets325.png,400,258,3
BikesHelmets443.png,400,267,3
BikesHelmets494.png,400,400,3
BikesHelmets480.png,400,267,3
BikesHelmets669.png,400,225,3
BikesHelmets133.png,480,320,3
BikesHelmets655.png,400,233,3
BikesHelmets641.png,500,375,3
BikesHelmets127.png,248,400,3
BikesHelmets696.png,400,305,3
BikesHelmets682.png,400,139,3
BikesHelmets683.png,400,225,3
BikesHelmets697.png,400,267,3
BikesHelmets640.png,600,403,3
BikesHelmets126.png,600,400,3
BikesHelmets132.png,400,267,3
BikesHelmets654.png,400,320,3
BikesHelmets668.png,400,226,3
BikesHelmets481.png,576,451,3
BikesHelmets495.png,400,225,3
BikesHelmets324.png,400,300,3
BikesHelmets442.png,400,340,3
BikesHelmets456.png,268,400,3
BikesHelmets330.png,400,335,3
BikesHelmets318.png,236,236,3
BikesHelmets293.png,570,427,3
BikesHelmets52.png,400,267,3
BikesHelmets46.png,400,267,3
BikesHelmets287.png,389,400,3
BikesHelmets250.png,400,300,3
BikesHelmets91.png,400,195,3
BikesHelmets536.png,400,225,3
BikesHelmets85.png,400,267,3
BikesHelmets522.png,400,267,3
BikesHelmets244.png,400,138,3
BikesHelmets278.png,400,267,3
BikesHelmets734.png,400,259,3
BikesHelmets720.png,300,215,3
BikesHelmets708.png,400,300,3
BikesHelmets736.png,400,250,3
BikesHelmets722.png,236,354,3
BikesHelmets508.png,400,225,3
BikesHelmets93.png,400,267,3
BikesHelmets534.png,400,347,3
BikesHelmets252.png,400,267,3
BikesHelmets246.png,400,227,3
BikesHelmets87.png,400,267,3
BikesHelmets520.png,497,271,3
BikesHelmets78.png,397,542,3
BikesHelmets291.png,400,267,3
BikesHelmets285.png,309,450,3
BikesHelmets44.png,400,316,3
BikesHelmets468.png,400,400,3
BikesHelmets440.png,400,263,3
BikesHelmets326.png,300,400,3
BikesHelmets332.png,400,267,3
BikesHelmets454.png,400,268,3
BikesHelmets483.png,400,400,3
BikesHelmets497.png,400,225,3
BikesHelmets118.png,400,347,3
BikesHelmets124.png,400,300,3
BikesHelmets642.png,400,267,3
BikesHelmets656.png,150,188,3
BikesHelmets130.png,400,266,3
BikesHelmets681.png,400,250,3
BikesHelmets695.png,400,267,3
BikesHelmets694.png,400,266,3
BikesHelmets680.png,320,450,3
BikesHelmets657.png,400,258,3
BikesHelmets131.png,400,300,3
BikesHelmets125.png,400,298,3
BikesHelmets643.png,400,267,3
BikesHelmets119.png,600,402,3
BikesHelmets496.png,400,300,3
BikesHelmets482.png,400,230,3
BikesHelmets333.png,400,267,3
BikesHelmets455.png,400,267,3
BikesHelmets441.png,400,300,3
BikesHelmets327.png,553,369,3
BikesHelmets469.png,400,358,3
BikesHelmets284.png,600,341,3
BikesHelmets45.png,400,266,3
BikesHelmets51.png,400,300,3
BikesHelmets290.png,400,269,3
BikesHelmets79.png,400,269,3
BikesHelmets247.png,400,267,3
BikesHelmets521.png,400,225,3
BikesHelmets86.png,267,400,3
BikesHelmets535.png,400,400,3
BikesHelmets92.png,400,267,3
BikesHelmets253.png,400,255,3
BikesHelmets509.png,267,400,3
BikesHelmets723.png,400,266,3
BikesHelmets737.png,400,255,3
BikesHelmets6.png,400,225,3
BikesHelmets750.png,400,395,3
BikesHelmets744.png,400,300,3
BikesHelmets552.png,400,267,3
BikesHelmets234.png,400,267,3
BikesHelmets220.png,400,300,3
BikesHelmets546.png,400,267,3
BikesHelmets208.png,400,245,3
BikesHelmets591.png,300,400,3
BikesHelmets36.png,400,297,3
BikesHelmets585.png,400,400,3
BikesHelmets22.png,400,298,3
BikesHelmets426.png,586,331,3
BikesHelmets340.png,600,555,3
BikesHelmets354.png,400,210,3
BikesHelmets432.png,600,375,3
BikesHelmets368.png,468,280,3
BikesHelmets383.png,200,202,3
BikesHelmets397.png,400,250,3
BikesHelmets142.png,400,267,3
BikesHelmets624.png,300,450,3
BikesHelmets630.png,400,294,3
BikesHelmets156.png,400,228,3
BikesHelmets618.png,400,252,3
BikesHelmets181.png,400,250,3
BikesHelmets195.png,400,267,3
BikesHelmets194.png,400,223,3
BikesHelmets180.png,400,234,3
BikesHelmets619.png,300,225,3
BikesHelmets631.png,450,320,3
BikesHelmets157.png,400,225,3
BikesHelmets143.png,400,223,3
BikesHelmets625.png,400,267,3
BikesHelmets396.png,400,267,3
BikesHelmets382.png,400,266,3
BikesHelmets369.png,400,276,3
BikesHelmets355.png,400,300,3
BikesHelmets433.png,464,272,3
BikesHelmets427.png,468,280,3
BikesHelmets341.png,232,400,3
BikesHelmets23.png,400,301,3
BikesHelmets584.png,267,400,3
BikesHelmets37.png,400,285,3
BikesHelmets590.png,400,247,3
BikesHelmets209.png,300,228,3
BikesHelmets221.png,400,168,3
BikesHelmets547.png,400,300,3
BikesHelmets553.png,400,267,3
BikesHelmets235.png,400,266,3
BikesHelmets745.png,400,188,3
BikesHelmets7.png,400,273,3
BikesHelmets751.png,400,267,3
BikesHelmets747.png,400,300,3
BikesHelmets753.png,400,267,3
BikesHelmets5.png,400,250,3
BikesHelmets545.png,256,400,3
BikesHelmets223.png,400,299,3
BikesHelmets237.png,400,267,3
BikesHelmets551.png,400,271,3
BikesHelmets579.png,400,225,3
BikesHelmets21.png,400,267,3
BikesHelmets586.png,400,273,3
BikesHelmets35.png,400,295,3
BikesHelmets592.png,400,301,3
BikesHelmets431.png,400,268,3
BikesHelmets357.png,480,267,3
BikesHelmets343.png,400,269,3
BikesHelmets425.png,400,267,3
BikesHelmets419.png,400,267,3
BikesHelmets394.png,400,264,3
BikesHelmets380.png,593,528,3
BikesHelmets155.png,300,400,3
BikesHelmets633.png,400,300,3
BikesHelmets627.png,400,225,3
BikesHelmets141.png,400,200,3
BikesHelmets169.png,400,267,3
BikesHelmets196.png,400,263,3
BikesHelmets182.png,400,225,3
BikesHelmets183.png,494,329,3
BikesHelmets197.png,400,304,3
BikesHelmets168.png,400,400,3
BikesHelmets626.png,400,225,3
BikesHelmets140.png,400,267,3
BikesHelmets154.png,303,400,3
BikesHelmets632.png,400,288,3
BikesHelmets381.png,400,268,3
BikesHelmets395.png,400,225,3
BikesHelmets418.png,400,267,3
BikesHelmets342.png,400,305,3
BikesHelmets424.png,400,267,3
BikesHelmets430.png,400,313,3
BikesHelmets356.png,400,267,3
BikesHelmets593.png,400,225,3
BikesHelmets34.png,400,267,3
BikesHelmets587.png,400,263,3
BikesHelmets20.png,300,400,3
BikesHelmets578.png,400,234,3
BikesHelmets236.png,400,251,3
BikesHelmets550.png,400,243,3
BikesHelmets544.png,400,334,3
BikesHelmets222.png,500,375,3
BikesHelmets752.png,400,240,3
BikesHelmets4.png,400,258,3
BikesHelmets746.png,266,400,3
BikesHelmets742.png,400,225,3
BikesHelmets0.png,400,267,3
BikesHelmets756.png,450,300,3
BikesHelmets568.png,400,263,3
BikesHelmets226.png,400,400,3
BikesHelmets540.png,300,429,3
BikesHelmets554.png,400,225,3
BikesHelmets232.png,400,400,3
BikesHelmets18.png,400,225,3
BikesHelmets24.png,400,329,3
BikesHelmets583.png,597,510,3
BikesHelmets30.png,267,400,3
BikesHelmets597.png,400,295,3
BikesHelmets408.png,400,219,3
BikesHelmets352.png,586,331,3
BikesHelmets434.png,400,300,3
BikesHelmets420.png,300,400,3
BikesHelmets346.png,300,300,3
BikesHelmets391.png,400,301,3
BikesHelmets385.png,400,263,3
BikesHelmets178.png,580,370,3
BikesHelmets636.png,400,225,3
BikesHelmets150.png,400,283,3
BikesHelmets144.png,521,370,3
BikesHelmets622.png,539,438,3
BikesHelmets193.png,400,300,3
BikesHelmets187.png,468,280,3
BikesHelmets186.png,299,400,3
BikesHelmets192.png,400,214,3
BikesHelmets145.png,400,189,3
BikesHelmets623.png,400,267,3
BikesHelmets637.png,400,267,3
BikesHelmets151.png,400,226,3
BikesHelmets179.png,594,439,3
BikesHelmets384.png,320,400,3
BikesHelmets390.png,388,400,3
BikesHelmets421.png,300,400,3
BikesHelmets347.png,450,300,3
BikesHelmets353.png,400,250,3
BikesHelmets435.png,400,225,3
BikesHelmets409.png,400,267,3
BikesHelmets596.png,300,169,3
BikesHelmets31.png,600,452,3
BikesHelmets582.png,500,333,3
BikesHelmets25.png,400,225,3
BikesHelmets19.png,400,291,3
BikesHelmets555.png,400,267,3
BikesHelmets233.png,480,320,3
BikesHelmets227.png,268,400,3
BikesHelmets541.png,400,225,3
BikesHelmets569.png,400,267,3
BikesHelmets1.png,400,300,3
BikesHelmets757.png,520,347,3
BikesHelmets743.png,400,300,3
BikesHelmets755.png,225,149,3
BikesHelmets3.png,400,216,3
BikesHelmets741.png,600,450,3
BikesHelmets219.png,494,345,3
BikesHelmets231.png,400,235,3
BikesHelmets557.png,400,225,3
BikesHelmets543.png,295,400,3
BikesHelmets225.png,400,267,3
BikesHelmets594.png,400,258,3
BikesHelmets33.png,400,265,3
BikesHelmets580.png,400,265,3
BikesHelmets27.png,576,432,3
BikesHelmets379.png,400,228,3
BikesHelmets345.png,400,267,3
BikesHelmets423.png,170,227,3
BikesHelmets437.png,400,225,3
BikesHelmets351.png,400,264,3
BikesHelmets386.png,400,244,3
BikesHelmets392.png,460,385,3
BikesHelmets609.png,400,266,3
BikesHelmets621.png,400,365,3
BikesHelmets147.png,563,376,3
BikesHelmets153.png,300,400,3
BikesHelmets635.png,400,225,3
BikesHelmets184.png,400,300,3
BikesHelmets190.png,570,322,3
BikesHelmets191.png,400,225,3
BikesHelmets185.png,400,300,3
BikesHelmets152.png,519,345,3
BikesHelmets634.png,400,279,3
BikesHelmets620.png,400,255,3
BikesHelmets146.png,600,450,3
BikesHelmets608.png,400,223,3
BikesHelmets393.png,400,313,3
BikesHelmets387.png,400,223,3
BikesHelmets436.png,360,520,3
BikesHelmets350.png,400,267,3
BikesHelmets344.png,400,228,3
BikesHelmets422.png,400,214,3
BikesHelmets378.png,300,400,3
BikesHelmets26.png,600,400,3
BikesHelmets581.png,600,485,3
BikesHelmets32.png,300,400,3
BikesHelmets595.png,468,351,3
BikesHelmets542.png,570,320,3
BikesHelmets224.png,300,227,3
BikesHelmets230.png,400,214,3
BikesHelmets556.png,400,266,3
BikesHelmets218.png,400,400,3
BikesHelmets740.png,400,203,3
BikesHelmets754.png,400,238,3
BikesHelmets2.png,400,300,3
