filename,label,xmin,ymin,xmax,ymax,CroppedImage
BikesHelmets765.png,With Helmet,193,13,265,65,0.jpg
BikesHelmets759.png,With Helmet,148,99,172,123,1.jpg
BikesHelmets759.png,Without Helmet,230,103,247,124,2.jpg
BikesHelmets759.png,Without Helmet,64,102,88,125,3.jpg
BikesHelmets759.png,Without Helmet,287,97,304,116,4.jpg
BikesHelmets573.png,With Helmet,83,72,152,139,5.jpg
BikesHelmets573.png,With Helmet,253,121,313,194,6.jpg
BikesHelmets573.png,With Helmet,390,35,447,102,7.jpg
BikesHelmets215.png,With Helmet,174,67,205,99,8.jpg
BikesHelmets215.png,With Helmet,62,67,91,98,9.jpg
BikesHelmets215.png,With Helmet,285,71,310,105,10.jpg
BikesHelmets215.png,With Helmet,323,69,355,98,11.jpg
BikesHelmets215.png,With Helmet,136,64,162,97,12.jpg
BikesHelmets215.png,With Helmet,224,39,253,76,13.jpg
BikesHelmets201.png,Without Helmet,144,80,196,133,14.jpg
BikesHelmets567.png,With Helmet,59,12,119,74,15.jpg
BikesHelmets567.png,With Helmet,247,11,278,44,16.jpg
BikesHelmets229.png,With Helmet,141,21,181,67,17.jpg
BikesHelmets17.png,With Helmet,280,40,314,82,18.jpg
BikesHelmets17.png,With Helmet,188,52,209,79,19.jpg
BikesHelmets598.png,With Helmet,87,33,152,112,20.jpg
BikesHelmets407.png,With Helmet,233,12,288,64,21.jpg
BikesHelmets361.png,With Helmet,139,22,235,132,22.jpg
BikesHelmets375.png,Without Helmet,21,38,47,65,23.jpg
BikesHelmets375.png,With Helmet,247,21,265,37,24.jpg
BikesHelmets375.png,Without Helmet,327,42,353,70,25.jpg
BikesHelmets413.png,With Helmet,253,1,307,44,26.jpg
BikesHelmets349.png,With Helmet,247,46,300,97,27.jpg
BikesHelmets163.png,With Helmet,190,44,216,75,28.jpg
BikesHelmets163.png,With Helmet,127,31,155,61,29.jpg
BikesHelmets163.png,With Helmet,55,20,82,55,30.jpg
BikesHelmets163.png,With Helmet,253,62,283,94,31.jpg
BikesHelmets163.png,With Helmet,309,28,344,62,32.jpg
BikesHelmets605.png,Without Helmet,77,47,118,99,33.jpg
BikesHelmets605.png,Without Helmet,109,50,148,106,34.jpg
BikesHelmets605.png,Without Helmet,141,56,170,100,35.jpg
BikesHelmets605.png,Without Helmet,167,54,202,101,36.jpg
BikesHelmets605.png,Without Helmet,215,6,255,64,37.jpg
BikesHelmets605.png,Without Helmet,250,45,289,88,38.jpg
BikesHelmets605.png,Without Helmet,286,37,324,81,39.jpg
BikesHelmets611.png,With Helmet,257,21,287,59,40.jpg
BikesHelmets611.png,With Helmet,236,79,273,117,41.jpg
BikesHelmets611.png,Without Helmet,123,5,153,45,42.jpg
BikesHelmets177.png,With Helmet,195,28,243,91,43.jpg
BikesHelmets639.png,With Helmet,111,6,160,74,44.jpg
BikesHelmets188.png,With Helmet,205,53,238,103,45.jpg
BikesHelmets189.png,With Helmet,101,11,162,88,46.jpg
BikesHelmets638.png,Without Helmet,105,4,169,71,47.jpg
BikesHelmets610.png,With Helmet,99,2,173,95,48.jpg
BikesHelmets610.png,With Helmet,198,34,256,117,49.jpg
BikesHelmets176.png,Without Helmet,114,38,147,78,50.jpg
BikesHelmets176.png,Without Helmet,254,67,273,85,51.jpg
BikesHelmets162.png,With Helmet,187,33,283,150,52.jpg
BikesHelmets604.png,Without Helmet,174,59,198,84,53.jpg
BikesHelmets604.png,Without Helmet,198,50,215,70,54.jpg
BikesHelmets604.png,Without Helmet,212,59,241,92,55.jpg
BikesHelmets604.png,Without Helmet,235,89,255,116,56.jpg
BikesHelmets348.png,With Helmet,165,5,215,57,57.jpg
BikesHelmets374.png,With Helmet,237,58,313,154,58.jpg
BikesHelmets412.png,Without Helmet,81,55,137,119,59.jpg
BikesHelmets406.png,Without Helmet,159,3,211,60,60.jpg
BikesHelmets360.png,With Helmet,170,7,246,86,61.jpg
BikesHelmets360.png,With Helmet,298,3,392,107,62.jpg
BikesHelmets599.png,With Helmet,282,55,314,96,63.jpg
BikesHelmets599.png,With Helmet,149,45,182,86,64.jpg
BikesHelmets16.png,With Helmet,260,2,327,81,65.jpg
BikesHelmets16.png,With Helmet,151,32,196,94,66.jpg
BikesHelmets16.png,With Helmet,46,38,96,100,67.jpg
BikesHelmets16.png,With Helmet,92,22,123,64,68.jpg
BikesHelmets228.png,With Helmet,60,25,113,77,69.jpg
BikesHelmets228.png,With Helmet,377,45,424,97,70.jpg
BikesHelmets228.png,With Helmet,186,32,233,77,71.jpg
BikesHelmets200.png,Without Helmet,157,8,213,77,72.jpg
BikesHelmets566.png,Without Helmet,118,10,150,50,73.jpg
BikesHelmets572.png,Without Helmet,12,75,31,97,74.jpg
BikesHelmets572.png,Without Helmet,94,72,115,80,75.jpg
BikesHelmets572.png,Without Helmet,195,10,228,48,76.jpg
BikesHelmets572.png,Without Helmet,298,69,319,90,77.jpg
BikesHelmets572.png,Without Helmet,361,82,375,102,78.jpg
BikesHelmets214.png,With Helmet,154,100,187,141,79.jpg
BikesHelmets758.png,With Helmet,164,11,209,60,80.jpg
BikesHelmets758.png,With Helmet,344,52,366,79,81.jpg
BikesHelmets764.png,With Helmet,176,56,223,111,82.jpg
BikesHelmets564.png,With Helmet,148,11,223,86,83.jpg
BikesHelmets202.png,With Helmet,289,64,330,109,84.jpg
BikesHelmets202.png,With Helmet,125,50,162,85,85.jpg
BikesHelmets216.png,Without Helmet,181,2,215,43,86.jpg
BikesHelmets570.png,With Helmet,165,47,211,95,87.jpg
BikesHelmets558.png,With Helmet,162,5,224,73,88.jpg
BikesHelmets14.png,With Helmet,165,66,227,138,89.jpg
BikesHelmets28.png,With Helmet,114,0,159,56,90.jpg
BikesHelmets410.png,With Helmet,165,65,225,141,91.jpg
BikesHelmets376.png,Without Helmet,176,10,214,52,92.jpg
BikesHelmets362.png,With Helmet,176,37,199,61,93.jpg
BikesHelmets362.png,With Helmet,200,29,225,59,94.jpg
BikesHelmets404.png,Without Helmet,184,10,215,42,95.jpg
BikesHelmets404.png,Without Helmet,130,11,162,48,96.jpg
BikesHelmets438.png,Without Helmet,176,47,215,97,97.jpg
BikesHelmets389.png,With Helmet,163,5,238,92,98.jpg
BikesHelmets174.png,With Helmet,170,14,199,50,99.jpg
BikesHelmets174.png,With Helmet,249,9,290,52,100.jpg
BikesHelmets612.png,With Helmet,97,7,147,53,101.jpg
BikesHelmets606.png,With Helmet,156,32,217,90,102.jpg
BikesHelmets606.png,With Helmet,257,26,318,80,103.jpg
BikesHelmets160.png,Without Helmet,147,106,165,127,104.jpg
BikesHelmets160.png,Without Helmet,254,96,271,113,105.jpg
BikesHelmets148.png,With Helmet,151,11,214,90,106.jpg
BikesHelmets148.png,With Helmet,295,83,343,136,107.jpg
BikesHelmets149.png,With Helmet,204,46,242,98,108.jpg
BikesHelmets149.png,With Helmet,117,68,137,91,109.jpg
BikesHelmets607.png,With Helmet,165,23,222,70,110.jpg
BikesHelmets161.png,With Helmet,129,41,198,108,111.jpg
BikesHelmets175.png,Without Helmet,194,68,223,96,112.jpg
BikesHelmets175.png,Without Helmet,346,40,372,61,113.jpg
BikesHelmets613.png,With Helmet,197,44,225,75,114.jpg
BikesHelmets613.png,With Helmet,280,67,306,94,115.jpg
BikesHelmets388.png,With Helmet,90,6,149,71,116.jpg
BikesHelmets439.png,With Helmet,352,67,373,103,117.jpg
BikesHelmets439.png,With Helmet,291,71,312,102,118.jpg
BikesHelmets439.png,With Helmet,259,72,283,96,119.jpg
BikesHelmets439.png,With Helmet,222,68,249,94,120.jpg
BikesHelmets439.png,With Helmet,202,71,221,94,121.jpg
BikesHelmets439.png,With Helmet,173,77,194,103,122.jpg
BikesHelmets439.png,With Helmet,152,70,169,89,123.jpg
BikesHelmets439.png,With Helmet,113,72,132,98,124.jpg
BikesHelmets439.png,With Helmet,68,73,87,100,125.jpg
BikesHelmets439.png,With Helmet,28,70,53,92,126.jpg
BikesHelmets363.png,With Helmet,185,70,226,108,127.jpg
BikesHelmets405.png,With Helmet,200,9,228,36,128.jpg
BikesHelmets405.png,With Helmet,48,11,75,40,129.jpg
BikesHelmets411.png,With Helmet,135,39,180,87,130.jpg
BikesHelmets411.png,With Helmet,237,90,247,101,131.jpg
BikesHelmets377.png,With Helmet,17,36,47,69,132.jpg
BikesHelmets377.png,With Helmet,298,43,344,110,133.jpg
BikesHelmets377.png,With Helmet,169,35,202,78,134.jpg
BikesHelmets377.png,With Helmet,230,41,260,72,135.jpg
BikesHelmets377.png,With Helmet,117,36,144,70,136.jpg
BikesHelmets29.png,With Helmet,143,6,212,93,137.jpg
BikesHelmets15.png,With Helmet,96,17,128,49,138.jpg
BikesHelmets15.png,With Helmet,128,10,165,46,139.jpg
BikesHelmets559.png,Without Helmet,244,31,286,87,140.jpg
BikesHelmets559.png,Without Helmet,127,28,168,79,141.jpg
BikesHelmets217.png,Without Helmet,266,69,290,99,142.jpg
BikesHelmets217.png,Without Helmet,249,56,271,91,143.jpg
BikesHelmets217.png,Without Helmet,362,65,373,81,144.jpg
BikesHelmets217.png,Without Helmet,316,55,331,74,145.jpg
BikesHelmets217.png,Without Helmet,241,45,251,59,146.jpg
BikesHelmets571.png,With Helmet,154,143,212,198,147.jpg
BikesHelmets571.png,With Helmet,109,111,138,143,148.jpg
BikesHelmets571.png,With Helmet,227,107,252,133,149.jpg
BikesHelmets571.png,With Helmet,153,98,169,119,150.jpg
BikesHelmets565.png,With Helmet,250,16,301,69,151.jpg
BikesHelmets565.png,With Helmet,109,1,177,57,152.jpg
BikesHelmets203.png,With Helmet,328,33,380,90,153.jpg
BikesHelmets203.png,With Helmet,249,48,291,92,154.jpg
BikesHelmets203.png,With Helmet,147,93,168,114,155.jpg
BikesHelmets9.png,Without Helmet,150,17,179,49,156.jpg
BikesHelmets9.png,Without Helmet,110,60,135,88,157.jpg
BikesHelmets763.png,With Helmet,149,33,197,97,158.jpg
BikesHelmets763.png,With Helmet,47,41,89,99,159.jpg
BikesHelmets763.png,With Helmet,262,1,329,82,160.jpg
BikesHelmets549.png,With Helmet,146,19,195,69,161.jpg
BikesHelmets207.png,With Helmet,237,44,286,93,162.jpg
BikesHelmets207.png,With Helmet,165,40,212,91,163.jpg
BikesHelmets561.png,Without Helmet,197,27,231,70,164.jpg
BikesHelmets575.png,With Helmet,168,7,223,71,165.jpg
BikesHelmets213.png,With Helmet,278,53,323,99,166.jpg
BikesHelmets213.png,With Helmet,145,42,184,88,167.jpg
BikesHelmets39.png,Without Helmet,150,38,194,85,168.jpg
BikesHelmets39.png,Without Helmet,344,48,393,89,169.jpg
BikesHelmets11.png,With Helmet,135,22,231,128,170.jpg
BikesHelmets11.png,With Helmet,19,70,75,137,171.jpg
BikesHelmets11.png,With Helmet,300,73,342,131,172.jpg
BikesHelmets11.png,With Helmet,355,21,413,99,173.jpg
BikesHelmets11.png,With Helmet,61,73,114,130,174.jpg
BikesHelmets11.png,With Helmet,561,47,600,95,175.jpg
BikesHelmets429.png,Without Helmet,143,20,171,56,176.jpg
BikesHelmets373.png,With Helmet,194,34,234,90,177.jpg
BikesHelmets415.png,With Helmet,176,17,237,75,178.jpg
BikesHelmets415.png,With Helmet,307,57,362,123,179.jpg
BikesHelmets415.png,With Helmet,63,35,109,102,180.jpg
BikesHelmets401.png,With Helmet,137,52,178,97,181.jpg
BikesHelmets367.png,With Helmet,276,78,381,190,182.jpg
BikesHelmets398.png,With Helmet,151,10,207,51,183.jpg
BikesHelmets398.png,Without Helmet,236,17,267,52,184.jpg
BikesHelmets159.png,With Helmet,171,54,216,102,185.jpg
BikesHelmets617.png,With Helmet,137,9,206,90,186.jpg
BikesHelmets171.png,Without Helmet,203,30,223,56,187.jpg
BikesHelmets171.png,With Helmet,90,30,111,54,188.jpg
BikesHelmets171.png,With Helmet,309,27,329,49,189.jpg
BikesHelmets171.png,Without Helmet,345,24,368,48,190.jpg
BikesHelmets165.png,With Helmet,159,3,239,83,191.jpg
BikesHelmets603.png,Without Helmet,131,28,190,95,192.jpg
BikesHelmets164.png,With Helmet,289,19,331,67,193.jpg
BikesHelmets164.png,With Helmet,241,32,270,76,194.jpg
BikesHelmets164.png,With Helmet,128,40,150,68,195.jpg
BikesHelmets164.png,With Helmet,201,33,229,67,196.jpg
BikesHelmets164.png,With Helmet,81,44,99,67,197.jpg
BikesHelmets164.png,With Helmet,44,47,64,72,198.jpg
BikesHelmets164.png,With Helmet,9,54,27,78,199.jpg
BikesHelmets602.png,With Helmet,212,14,280,83,200.jpg
BikesHelmets616.png,With Helmet,132,65,157,88,201.jpg
BikesHelmets616.png,With Helmet,81,64,102,87,202.jpg
BikesHelmets616.png,With Helmet,248,76,271,100,204.jpg
BikesHelmets616.png,With Helmet,197,73,212,90,205.jpg
BikesHelmets170.png,Without Helmet,122,6,167,50,206.jpg
BikesHelmets158.png,With Helmet,145,6,186,56,207.jpg
BikesHelmets399.png,Without Helmet,182,104,203,132,208.jpg
BikesHelmets399.png,Without Helmet,272,95,293,118,209.jpg
BikesHelmets399.png,Without Helmet,146,107,162,128,210.jpg
BikesHelmets399.png,Without Helmet,110,89,126,107,211.jpg
BikesHelmets399.png,With Helmet,79,99,93,116,212.jpg
BikesHelmets399.png,With Helmet,214,98,228,116,213.jpg
BikesHelmets400.png,With Helmet,172,25,249,130,214.jpg
BikesHelmets366.png,Without Helmet,312,21,333,52,215.jpg
BikesHelmets372.png,Without Helmet,129,24,170,75,216.jpg
BikesHelmets372.png,Without Helmet,40,15,87,71,217.jpg
BikesHelmets414.png,With Helmet,314,30,378,96,218.jpg
BikesHelmets428.png,With Helmet,15,20,94,103,219.jpg
BikesHelmets428.png,With Helmet,112,11,183,75,220.jpg
BikesHelmets10.png,Without Helmet,185,4,226,41,221.jpg
BikesHelmets38.png,With Helmet,290,37,327,77,222.jpg
BikesHelmets38.png,Without Helmet,67,48,106,91,223.jpg
BikesHelmets574.png,With Helmet,287,17,330,68,224.jpg
BikesHelmets574.png,With Helmet,244,33,270,71,225.jpg
BikesHelmets574.png,With Helmet,200,31,231,66,226.jpg
BikesHelmets574.png,With Helmet,126,39,154,68,227.jpg
BikesHelmets574.png,With Helmet,79,43,99,69,228.jpg
BikesHelmets212.png,Without Helmet,120,5,167,49,229.jpg
BikesHelmets206.png,With Helmet,83,12,192,157,230.jpg
BikesHelmets560.png,Without Helmet,292,130,325,160,231.jpg
BikesHelmets548.png,With Helmet,181,64,221,113,232.jpg
BikesHelmets548.png,With Helmet,219,45,252,90,233.jpg
BikesHelmets762.png,With Helmet,248,12,307,77,234.jpg
BikesHelmets8.png,With Helmet,166,2,220,75,235.jpg
BikesHelmets8.png,Without Helmet,215,5,244,51,236.jpg
BikesHelmets748.png,With Helmet,193,41,231,83,237.jpg
BikesHelmets760.png,With Helmet,204,24,264,86,238.jpg
BikesHelmets760.png,With Helmet,419,10,481,84,239.jpg
BikesHelmets760.png,With Helmet,60,49,111,96,240.jpg
BikesHelmets238.png,Without Helmet,131,0,170,40,241.jpg
BikesHelmets210.png,With Helmet,222,54,256,91,242.jpg
BikesHelmets576.png,With Helmet,103,59,164,128,243.jpg
BikesHelmets562.png,Without Helmet,81,33,144,104,244.jpg
BikesHelmets204.png,Without Helmet,201,109,226,131,245.jpg
BikesHelmets204.png,Without Helmet,162,107,178,122,246.jpg
BikesHelmets204.png,Without Helmet,295,84,318,116,247.jpg
BikesHelmets204.png,Without Helmet,143,104,154,118,248.jpg
BikesHelmets589.png,With Helmet,89,11,129,52,249.jpg
BikesHelmets12.png,With Helmet,218,58,258,104,250.jpg
BikesHelmets358.png,Without Helmet,199,21,247,74,251.jpg
BikesHelmets364.png,With Helmet,212,50,250,87,252.jpg
BikesHelmets402.png,Without Helmet,109,21,162,84,253.jpg
BikesHelmets402.png,Without Helmet,233,16,292,86,254.jpg
BikesHelmets416.png,With Helmet,198,34,254,110,255.jpg
BikesHelmets416.png,With Helmet,102,5,170,82,256.jpg
BikesHelmets370.png,With Helmet,180,9,220,49,257.jpg
BikesHelmets628.png,With Helmet,185,152,230,190,258.jpg
BikesHelmets628.png,With Helmet,232,67,263,101,259.jpg
BikesHelmets600.png,With Helmet,218,11,263,55,260.jpg
BikesHelmets600.png,With Helmet,268,20,311,60,261.jpg
BikesHelmets166.png,With Helmet,175,31,258,123,262.jpg
BikesHelmets172.png,Without Helmet,109,14,165,69,263.jpg
BikesHelmets172.png,Without Helmet,423,5,475,65,264.jpg
BikesHelmets614.png,Without Helmet,183,105,203,129,265.jpg
BikesHelmets614.png,Without Helmet,272,96,292,117,266.jpg
BikesHelmets614.png,Without Helmet,78,99,95,117,267.jpg
BikesHelmets614.png,Without Helmet,143,86,156,98,268.jpg
BikesHelmets199.png,With Helmet,253,1,312,47,269.jpg
BikesHelmets198.png,Without Helmet,146,22,204,83,270.jpg
BikesHelmets173.png,With Helmet,142,75,187,123,271.jpg
BikesHelmets173.png,With Helmet,285,54,336,104,272.jpg
BikesHelmets615.png,With Helmet,85,81,110,110,273.jpg
BikesHelmets601.png,With Helmet,140,195,170,227,274.jpg
BikesHelmets167.png,With Helmet,246,0,306,62,275.jpg
BikesHelmets629.png,With Helmet,181,21,230,74,276.jpg
BikesHelmets417.png,Without Helmet,174,83,226,150,277.jpg
BikesHelmets371.png,Without Helmet,162,43,187,72,278.jpg
BikesHelmets371.png,With Helmet,350,103,375,129,279.jpg
BikesHelmets371.png,Without Helmet,45,15,79,52,280.jpg
BikesHelmets371.png,Without Helmet,235,62,259,92,281.jpg
BikesHelmets365.png,Without Helmet,219,32,243,59,282.jpg
BikesHelmets365.png,Without Helmet,132,31,155,56,283.jpg
BikesHelmets403.png,With Helmet,109,114,125,132,284.jpg
BikesHelmets403.png,Without Helmet,56,123,76,137,285.jpg
BikesHelmets403.png,Without Helmet,182,79,199,97,286.jpg
BikesHelmets403.png,With Helmet,111,139,133,158,287.jpg
BikesHelmets359.png,Without Helmet,181,3,214,43,288.jpg
BikesHelmets13.png,With Helmet,278,30,356,139,289.jpg
BikesHelmets588.png,Without Helmet,123,2,171,51,290.jpg
BikesHelmets563.png,With Helmet,86,15,118,57,291.jpg
BikesHelmets563.png,Without Helmet,278,10,315,47,292.jpg
BikesHelmets205.png,With Helmet,161,6,226,68,294.jpg
BikesHelmets211.png,With Helmet,159,19,215,80,295.jpg
BikesHelmets577.png,Without Helmet,231,18,290,96,296.jpg
BikesHelmets239.png,With Helmet,145,32,205,88,297.jpg
BikesHelmets761.png,With Helmet,246,1,309,63,298.jpg
BikesHelmets749.png,With Helmet,268,59,316,112,299.jpg
BikesHelmets712.png,With Helmet,165,7,236,95,300.jpg
BikesHelmets706.png,Without Helmet,174,33,219,83,301.jpg
BikesHelmets276.png,With Helmet,155,70,215,128,303.jpg
BikesHelmets510.png,With Helmet,230,87,276,126,304.jpg
BikesHelmets510.png,Without Helmet,294,74,318,107,305.jpg
BikesHelmets504.png,Without Helmet,195,27,225,69,306.jpg
BikesHelmets262.png,With Helmet,253,97,304,155,307.jpg
BikesHelmets538.png,With Helmet,160,160,209,206,308.jpg
BikesHelmets74.png,Without Helmet,287,74,317,102,309.jpg
BikesHelmets74.png,Without Helmet,202,69,223,97,310.jpg
BikesHelmets74.png,Without Helmet,98,66,125,94,311.jpg
BikesHelmets60.png,With Helmet,155,1,218,61,312.jpg
BikesHelmets289.png,Without Helmet,154,45,225,127,313.jpg
BikesHelmets48.png,With Helmet,152,37,226,135,314.jpg
BikesHelmets302.png,With Helmet,172,30,219,73,315.jpg
BikesHelmets464.png,With Helmet,155,5,212,65,316.jpg
BikesHelmets470.png,With Helmet,94,121,158,188,317.jpg
BikesHelmets316.png,With Helmet,121,86,175,149,318.jpg
BikesHelmets458.png,With Helmet,278,2,328,49,319.jpg
BikesHelmets666.png,Without Helmet,149,50,184,82,320.jpg
BikesHelmets100.png,With Helmet,158,20,205,71,321.jpg
BikesHelmets100.png,With Helmet,106,11,154,64,322.jpg
BikesHelmets114.png,With Helmet,344,63,372,99,323.jpg
BikesHelmets114.png,With Helmet,277,66,298,90,324.jpg
BikesHelmets114.png,With Helmet,172,67,196,94,325.jpg
BikesHelmets114.png,With Helmet,92,54,120,87,326.jpg
BikesHelmets672.png,Without Helmet,118,5,140,30,327.jpg
BikesHelmets128.png,Without Helmet,194,6,227,60,328.jpg
BikesHelmets128.png,Without Helmet,227,13,251,55,329.jpg
BikesHelmets699.png,With Helmet,221,61,256,104,330.jpg
BikesHelmets698.png,With Helmet,163,161,210,205,331.jpg
BikesHelmets129.png,With Helmet,163,37,187,68,332.jpg
BikesHelmets115.png,With Helmet,74,72,114,107,333.jpg
BikesHelmets115.png,With Helmet,188,85,212,114,334.jpg
BikesHelmets115.png,With Helmet,230,90,249,114,335.jpg
BikesHelmets115.png,With Helmet,280,96,292,110,336.jpg
BikesHelmets673.png,With Helmet,222,18,290,84,337.jpg
BikesHelmets673.png,With Helmet,350,23,397,82,338.jpg
BikesHelmets673.png,With Helmet,424,15,460,51,339.jpg
BikesHelmets673.png,With Helmet,476,33,504,58,340.jpg
BikesHelmets667.png,With Helmet,192,4,252,77,341.jpg
BikesHelmets101.png,With Helmet,231,2,266,42,342.jpg
BikesHelmets471.png,Without Helmet,166,94,204,143,343.jpg
BikesHelmets317.png,With Helmet,253,95,304,152,344.jpg
BikesHelmets303.png,With Helmet,199,104,218,125,345.jpg
BikesHelmets303.png,With Helmet,286,109,304,126,346.jpg
BikesHelmets303.png,Without Helmet,114,103,132,127,347.jpg
BikesHelmets303.png,Without Helmet,233,112,248,126,348.jpg
BikesHelmets303.png,With Helmet,336,114,351,129,349.jpg
BikesHelmets303.png,With Helmet,68,102,88,124,350.jpg
BikesHelmets303.png,With Helmet,260,107,279,127,351.jpg
BikesHelmets303.png,Without Helmet,320,114,332,127,352.jpg
BikesHelmets465.png,With Helmet,226,111,244,134,353.jpg
BikesHelmets288.png,With Helmet,277,3,323,50,354.jpg
BikesHelmets49.png,With Helmet,174,24,216,73,355.jpg
BikesHelmets49.png,Without Helmet,257,19,288,54,356.jpg
BikesHelmets61.png,With Helmet,246,39,337,140,357.jpg
BikesHelmets75.png,With Helmet,296,100,335,142,361.jpg
BikesHelmets75.png,With Helmet,179,104,210,137,362.jpg
BikesHelmets539.png,With Helmet,168,19,218,71,363.jpg
BikesHelmets505.png,Without Helmet,290,31,335,82,364.jpg
BikesHelmets505.png,Without Helmet,261,86,293,123,365.jpg
BikesHelmets505.png,Without Helmet,273,141,302,176,366.jpg
BikesHelmets505.png,Without Helmet,234,132,265,162,367.jpg
BikesHelmets263.png,With Helmet,187,51,222,94,368.jpg
BikesHelmets277.png,With Helmet,141,16,177,58,369.jpg
BikesHelmets277.png,With Helmet,315,12,352,51,370.jpg
BikesHelmets277.png,With Helmet,256,18,281,51,371.jpg
BikesHelmets511.png,With Helmet,271,18,312,58,372.jpg
BikesHelmets511.png,With Helmet,86,8,129,65,373.jpg
BikesHelmets707.png,Without Helmet,202,43,235,86,374.jpg
BikesHelmets713.png,With Helmet,144,8,208,95,375.jpg
BikesHelmets705.png,With Helmet,65,5,119,63,376.jpg
BikesHelmets711.png,With Helmet,53,32,139,144,377.jpg
BikesHelmets739.png,Without Helmet,183,21,227,67,378.jpg
BikesHelmets261.png,With Helmet,90,71,176,162,379.jpg
BikesHelmets261.png,With Helmet,214,125,258,170,380.jpg
BikesHelmets507.png,Without Helmet,119,34,158,81,381.jpg
BikesHelmets507.png,With Helmet,220,110,263,161,382.jpg
BikesHelmets507.png,Without Helmet,263,65,291,108,383.jpg
BikesHelmets513.png,Without Helmet,235,22,347,161,384.jpg
BikesHelmets275.png,Without Helmet,261,2,339,98,385.jpg
BikesHelmets88.png,With Helmet,218,11,263,64,386.jpg
BikesHelmets88.png,With Helmet,275,5,322,50,387.jpg
BikesHelmets249.png,With Helmet,121,34,197,107,388.jpg
BikesHelmets63.png,With Helmet,135,45,214,150,389.jpg
BikesHelmets63.png,With Helmet,51,12,119,103,390.jpg
BikesHelmets77.png,Without Helmet,175,5,222,58,391.jpg
BikesHelmets315.png,Without Helmet,207,23,327,156,392.jpg
BikesHelmets473.png,With Helmet,202,56,259,119,393.jpg
BikesHelmets467.png,With Helmet,190,11,241,78,394.jpg
BikesHelmets301.png,With Helmet,98,41,171,129,395.jpg
BikesHelmets329.png,With Helmet,266,21,301,58,396.jpg
BikesHelmets329.png,With Helmet,215,75,241,100,397.jpg
BikesHelmets329.png,With Helmet,169,97,191,117,398.jpg
BikesHelmets329.png,With Helmet,104,102,129,127,399.jpg
BikesHelmets498.png,With Helmet,224,102,359,250,400.jpg
BikesHelmets671.png,Without Helmet,181,79,198,95,401.jpg
BikesHelmets671.png,Without Helmet,228,77,242,94,403.jpg
BikesHelmets671.png,Without Helmet,362,72,376,89,404.jpg
BikesHelmets671.png,Without Helmet,320,75,335,93,405.jpg
BikesHelmets117.png,With Helmet,90,51,130,94,406.jpg
BikesHelmets665.png,Without Helmet,167,62,202,97,408.jpg
BikesHelmets665.png,Without Helmet,89,72,113,97,409.jpg
BikesHelmets665.png,Without Helmet,31,70,57,90,410.jpg
BikesHelmets665.png,Without Helmet,121,63,143,85,411.jpg
BikesHelmets665.png,Without Helmet,276,64,301,90,412.jpg
BikesHelmets665.png,Without Helmet,344,66,359,85,413.jpg
BikesHelmets659.png,With Helmet,278,9,331,58,414.jpg
BikesHelmets658.png,With Helmet,277,8,338,60,415.jpg
BikesHelmets102.png,With Helmet,239,23,293,83,416.jpg
BikesHelmets664.png,Without Helmet,106,40,160,109,417.jpg
BikesHelmets670.png,Without Helmet,127,11,161,49,418.jpg
BikesHelmets116.png,With Helmet,367,102,388,128,419.jpg
BikesHelmets116.png,Without Helmet,255,100,272,120,420.jpg
BikesHelmets499.png,With Helmet,130,25,170,80,421.jpg
BikesHelmets328.png,Without Helmet,199,19,244,69,422.jpg
BikesHelmets466.png,Without Helmet,224,30,274,77,423.jpg
BikesHelmets300.png,With Helmet,186,20,231,73,424.jpg
BikesHelmets314.png,Without Helmet,157,55,205,100,425.jpg
BikesHelmets314.png,Without Helmet,86,19,138,75,426.jpg
BikesHelmets472.png,With Helmet,207,12,231,38,427.jpg
BikesHelmets472.png,Without Helmet,66,45,89,78,428.jpg
BikesHelmets472.png,With Helmet,55,19,75,45,429.jpg
BikesHelmets76.png,With Helmet,141,118,171,159,430.jpg
BikesHelmets76.png,Without Helmet,69,118,91,149,431.jpg
BikesHelmets76.png,Without Helmet,243,124,265,158,432.jpg
BikesHelmets76.png,Without Helmet,346,121,371,158,433.jpg
BikesHelmets76.png,Without Helmet,238,74,261,104,434.jpg
BikesHelmets76.png,Without Helmet,28,106,40,127,435.jpg
BikesHelmets62.png,Without Helmet,161,23,216,89,436.jpg
BikesHelmets89.png,With Helmet,154,71,215,131,437.jpg
BikesHelmets248.png,Without Helmet,169,9,204,50,438.jpg
BikesHelmets512.png,With Helmet,170,8,227,68,439.jpg
BikesHelmets274.png,With Helmet,145,2,215,74,440.jpg
BikesHelmets260.png,Without Helmet,187,23,238,73,441.jpg
BikesHelmets506.png,With Helmet,197,11,301,124,442.jpg
BikesHelmets738.png,With Helmet,78,29,135,78,443.jpg
BikesHelmets710.png,Without Helmet,158,79,184,97,444.jpg
BikesHelmets710.png,Without Helmet,190,79,212,99,445.jpg
BikesHelmets710.png,Without Helmet,271,104,295,126,446.jpg
BikesHelmets704.png,With Helmet,204,48,244,98,447.jpg
BikesHelmets728.png,With Helmet,70,50,136,119,448.jpg
BikesHelmets728.png,With Helmet,189,116,256,190,449.jpg
BikesHelmets728.png,With Helmet,273,5,341,67,450.jpg
BikesHelmets700.png,Without Helmet,134,189,158,212,451.jpg
BikesHelmets700.png,With Helmet,383,198,397,215,452.jpg
BikesHelmets714.png,With Helmet,118,13,152,54,453.jpg
BikesHelmets714.png,With Helmet,62,24,93,63,454.jpg
BikesHelmets99.png,With Helmet,268,59,295,86,455.jpg
BikesHelmets99.png,Without Helmet,161,52,193,83,456.jpg
BikesHelmets99.png,Without Helmet,63,57,90,86,457.jpg
BikesHelmets99.png,With Helmet,325,68,353,102,458.jpg
BikesHelmets258.png,With Helmet,95,121,157,189,459.jpg
BikesHelmets502.png,Without Helmet,187,2,219,40,460.jpg
BikesHelmets502.png,With Helmet,248,6,272,36,461.jpg
BikesHelmets264.png,With Helmet,329,33,364,76,462.jpg
BikesHelmets264.png,With Helmet,249,23,282,70,463.jpg
BikesHelmets270.png,With Helmet,172,25,253,132,464.jpg
BikesHelmets516.png,Without Helmet,82,46,117,78,465.jpg
BikesHelmets516.png,Without Helmet,317,55,344,82,466.jpg
BikesHelmets66.png,Without Helmet,196,26,229,70,467.jpg
BikesHelmets66.png,Without Helmet,236,26,274,69,468.jpg
BikesHelmets66.png,Without Helmet,222,22,245,65,469.jpg
BikesHelmets72.png,With Helmet,148,3,202,61,470.jpg
BikesHelmets338.png,Without Helmet,102,158,125,190,471.jpg
BikesHelmets338.png,Without Helmet,283,146,291,156,472.jpg
BikesHelmets476.png,With Helmet,119,2,199,82,473.jpg
BikesHelmets310.png,With Helmet,192,3,245,77,474.jpg
BikesHelmets304.png,Without Helmet,303,53,333,90,475.jpg
BikesHelmets304.png,Without Helmet,247,66,265,91,476.jpg
BikesHelmets304.png,Without Helmet,112,69,131,92,477.jpg
BikesHelmets304.png,Without Helmet,14,57,39,86,478.jpg
BikesHelmets304.png,Without Helmet,51,60,76,83,479.jpg
BikesHelmets462.png,With Helmet,98,25,115,43,480.jpg
BikesHelmets462.png,With Helmet,175,34,185,45,481.jpg
BikesHelmets489.png,With Helmet,198,107,249,166,482.jpg
BikesHelmets489.png,With Helmet,124,98,178,149,483.jpg
BikesHelmets489.png,With Helmet,26,90,78,139,484.jpg
BikesHelmets648.png,With Helmet,193,63,241,110,485.jpg
BikesHelmets648.png,With Helmet,100,46,152,99,486.jpg
BikesHelmets112.png,Without Helmet,231,19,297,90,487.jpg
BikesHelmets112.png,Without Helmet,107,21,164,87,488.jpg
BikesHelmets674.png,With Helmet,237,45,285,93,489.jpg
BikesHelmets674.png,With Helmet,164,42,210,91,490.jpg
BikesHelmets660.png,With Helmet,148,65,170,92,491.jpg
BikesHelmets660.png,Without Helmet,202,122,215,135,492.jpg
BikesHelmets660.png,With Helmet,61,103,74,120,493.jpg
BikesHelmets660.png,Without Helmet,314,102,328,118,494.jpg
BikesHelmets660.png,With Helmet,121,99,137,117,495.jpg
BikesHelmets106.png,With Helmet,114,34,184,108,496.jpg
BikesHelmets106.png,With Helmet,301,106,339,146,497.jpg
BikesHelmets106.png,With Helmet,233,150,260,176,498.jpg
BikesHelmets661.png,With Helmet,229,58,269,98,499.jpg
BikesHelmets661.png,With Helmet,64,80,106,112,500.jpg
BikesHelmets107.png,With Helmet,198,4,267,79,501.jpg
BikesHelmets113.png,With Helmet,152,6,196,51,502.jpg
BikesHelmets675.png,With Helmet,256,12,344,121,503.jpg
BikesHelmets649.png,With Helmet,136,19,301,233,504.jpg
BikesHelmets488.png,With Helmet,110,22,166,78,505.jpg
BikesHelmets305.png,Without Helmet,122,2,178,56,506.jpg
BikesHelmets463.png,With Helmet,257,23,297,70,507.jpg
BikesHelmets463.png,With Helmet,150,15,193,57,508.jpg
BikesHelmets463.png,With Helmet,68,25,122,71,509.jpg
BikesHelmets477.png,Without Helmet,211,2,261,46,510.jpg
BikesHelmets311.png,With Helmet,168,46,223,114,511.jpg
BikesHelmets311.png,With Helmet,219,11,275,86,512.jpg
BikesHelmets339.png,With Helmet,180,24,223,73,513.jpg
BikesHelmets339.png,With Helmet,43,21,67,55,514.jpg
BikesHelmets73.png,With Helmet,231,45,278,92,515.jpg
BikesHelmets73.png,Without Helmet,306,64,331,95,516.jpg
BikesHelmets67.png,With Helmet,312,57,413,175,517.jpg
BikesHelmets67.png,With Helmet,228,68,307,185,518.jpg
BikesHelmets271.png,With Helmet,7,35,58,86,519.jpg
BikesHelmets271.png,With Helmet,89,49,121,82,520.jpg
BikesHelmets271.png,With Helmet,149,41,181,81,521.jpg
BikesHelmets271.png,With Helmet,221,65,247,90,522.jpg
BikesHelmets271.png,With Helmet,349,31,395,82,523.jpg
BikesHelmets517.png,With Helmet,131,23,210,95,524.jpg
BikesHelmets517.png,With Helmet,113,100,160,145,525.jpg
BikesHelmets503.png,With Helmet,190,14,246,68,526.jpg
BikesHelmets265.png,With Helmet,156,14,215,81,527.jpg
BikesHelmets98.png,Without Helmet,116,50,146,85,528.jpg
BikesHelmets259.png,With Helmet,13,9,74,69,529.jpg
BikesHelmets259.png,With Helmet,94,10,159,72,530.jpg
BikesHelmets259.png,With Helmet,207,11,249,78,531.jpg
BikesHelmets259.png,With Helmet,246,10,317,110,532.jpg
BikesHelmets715.png,With Helmet,197,41,288,158,533.jpg
BikesHelmets701.png,With Helmet,186,50,212,80,534.jpg
BikesHelmets701.png,With Helmet,278,43,313,77,535.jpg
BikesHelmets729.png,With Helmet,218,28,278,86,536.jpg
BikesHelmets729.png,With Helmet,112,83,161,132,537.jpg
BikesHelmets717.png,With Helmet,264,103,322,165,538.jpg
BikesHelmets703.png,With Helmet,182,59,225,97,539.jpg
BikesHelmets703.png,With Helmet,116,33,149,63,540.jpg
BikesHelmets703.png,With Helmet,137,7,166,33,541.jpg
BikesHelmets529.png,With Helmet,154,72,180,95,542.jpg
BikesHelmets529.png,With Helmet,284,104,300,121,543.jpg
BikesHelmets515.png,With Helmet,235,27,265,62,544.jpg
BikesHelmets515.png,With Helmet,77,49,111,89,545.jpg
BikesHelmets515.png,With Helmet,122,5,159,39,546.jpg
BikesHelmets515.png,With Helmet,282,67,314,104,547.jpg
BikesHelmets273.png,With Helmet,59,12,123,74,548.jpg
BikesHelmets273.png,With Helmet,249,12,278,43,549.jpg
BikesHelmets273.png,With Helmet,374,0,425,40,550.jpg
BikesHelmets267.png,With Helmet,253,96,303,155,551.jpg
BikesHelmets501.png,With Helmet,193,36,234,89,552.jpg
BikesHelmets298.png,Without Helmet,115,41,149,76,553.jpg
BikesHelmets298.png,Without Helmet,257,68,272,86,554.jpg
BikesHelmets59.png,With Helmet,264,28,306,73,555.jpg
BikesHelmets59.png,With Helmet,171,33,211,82,556.jpg
BikesHelmets59.png,With Helmet,346,1,391,49,557.jpg
BikesHelmets71.png,With Helmet,407,66,457,114,558.jpg
BikesHelmets71.png,With Helmet,256,94,292,128,559.jpg
BikesHelmets65.png,With Helmet,182,59,225,100,560.jpg
BikesHelmets65.png,With Helmet,116,32,145,63,561.jpg
BikesHelmets65.png,With Helmet,137,9,163,34,562.jpg
BikesHelmets449.png,Without Helmet,313,64,336,87,563.jpg
BikesHelmets449.png,With Helmet,211,104,236,124,564.jpg
BikesHelmets449.png,With Helmet,175,91,187,104,565.jpg
BikesHelmets461.png,With Helmet,284,36,339,92,566.jpg
BikesHelmets461.png,With Helmet,170,20,248,93,567.jpg
BikesHelmets307.png,With Helmet,161,14,238,86,568.jpg
BikesHelmets313.png,With Helmet,284,16,306,42,569.jpg
BikesHelmets313.png,With Helmet,79,17,103,43,570.jpg
BikesHelmets313.png,With Helmet,348,16,369,37,571.jpg
BikesHelmets475.png,With Helmet,230,104,347,249,572.jpg
BikesHelmets139.png,With Helmet,231,24,273,67,573.jpg
BikesHelmets105.png,With Helmet,145,2,194,51,574.jpg
BikesHelmets663.png,With Helmet,49,18,133,110,575.jpg
BikesHelmets677.png,With Helmet,282,43,347,111,576.jpg
BikesHelmets111.png,Without Helmet,148,43,183,84,577.jpg
BikesHelmets688.png,With Helmet,270,13,336,69,578.jpg
BikesHelmets689.png,Without Helmet,87,99,107,126,579.jpg
BikesHelmets689.png,Without Helmet,226,114,239,128,580.jpg
BikesHelmets676.png,Without Helmet,343,71,378,109,581.jpg
BikesHelmets676.png,Without Helmet,232,69,285,129,582.jpg
BikesHelmets676.png,Without Helmet,145,74,192,132,583.jpg
BikesHelmets676.png,Without Helmet,93,44,131,85,584.jpg
BikesHelmets110.png,Without Helmet,491,83,527,129,585.jpg
BikesHelmets110.png,Without Helmet,307,103,338,139,586.jpg
BikesHelmets104.png,With Helmet,196,61,237,112,587.jpg
BikesHelmets104.png,With Helmet,101,43,152,102,588.jpg
BikesHelmets662.png,Without Helmet,55,7,105,58,589.jpg
BikesHelmets138.png,With Helmet,288,32,331,77,590.jpg
BikesHelmets138.png,Without Helmet,69,47,108,92,591.jpg
BikesHelmets312.png,With Helmet,151,19,193,57,592.jpg
BikesHelmets474.png,With Helmet,286,65,315,97,593.jpg
BikesHelmets474.png,With Helmet,197,64,225,96,594.jpg
BikesHelmets474.png,With Helmet,110,73,150,116,595.jpg
BikesHelmets474.png,With Helmet,75,61,106,96,596.jpg
BikesHelmets460.png,With Helmet,178,7,216,53,597.jpg
BikesHelmets460.png,With Helmet,44,3,86,45,598.jpg
BikesHelmets306.png,Without Helmet,385,55,451,139,599.jpg
BikesHelmets306.png,Without Helmet,200,39,270,127,600.jpg
BikesHelmets448.png,Without Helmet,199,17,246,75,601.jpg
BikesHelmets64.png,With Helmet,250,48,288,92,602.jpg
BikesHelmets64.png,With Helmet,215,72,244,103,603.jpg
BikesHelmets64.png,With Helmet,328,33,381,92,604.jpg
BikesHelmets64.png,With Helmet,197,77,216,104,605.jpg
BikesHelmets64.png,With Helmet,176,83,194,105,606.jpg
BikesHelmets64.png,With Helmet,151,94,167,114,607.jpg
BikesHelmets70.png,Without Helmet,184,1,228,41,608.jpg
BikesHelmets70.png,Without Helmet,231,33,250,63,609.jpg
BikesHelmets70.png,Without Helmet,211,32,231,62,610.jpg
BikesHelmets70.png,Without Helmet,151,19,177,53,611.jpg
BikesHelmets70.png,Without Helmet,131,0,157,36,612.jpg
BikesHelmets70.png,Without Helmet,102,0,131,40,613.jpg
BikesHelmets299.png,With Helmet,155,139,210,203,614.jpg
BikesHelmets299.png,With Helmet,111,111,134,145,615.jpg
BikesHelmets299.png,With Helmet,231,108,249,132,616.jpg
BikesHelmets299.png,With Helmet,157,101,168,118,617.jpg
BikesHelmets58.png,With Helmet,257,101,322,163,618.jpg
BikesHelmets266.png,Without Helmet,193,64,221,95,619.jpg
BikesHelmets266.png,Without Helmet,346,40,371,68,620.jpg
BikesHelmets266.png,Without Helmet,219,56,244,90,621.jpg
BikesHelmets500.png,With Helmet,72,6,120,55,622.jpg
BikesHelmets514.png,Without Helmet,124,19,153,47,623.jpg
BikesHelmets514.png,Without Helmet,81,22,99,46,624.jpg
BikesHelmets514.png,Without Helmet,196,24,216,49,625.jpg
BikesHelmets272.png,With Helmet,155,19,208,74,626.jpg
BikesHelmets528.png,Without Helmet,46,14,81,52,627.jpg
BikesHelmets528.png,With Helmet,348,101,373,128,628.jpg
BikesHelmets528.png,Without Helmet,235,62,260,93,629.jpg
BikesHelmets528.png,Without Helmet,160,42,191,74,630.jpg
BikesHelmets702.png,Without Helmet,293,85,314,108,631.jpg
BikesHelmets702.png,Without Helmet,210,87,225,104,632.jpg
BikesHelmets716.png,Without Helmet,176,1,222,45,633.jpg
BikesHelmets733.png,Without Helmet,202,52,238,96,634.jpg
BikesHelmets727.png,With Helmet,227,106,360,255,635.jpg
BikesHelmets257.png,With Helmet,165,10,196,47,636.jpg
BikesHelmets257.png,With Helmet,77,18,112,54,637.jpg
BikesHelmets257.png,With Helmet,252,40,283,77,638.jpg
BikesHelmets96.png,With Helmet,247,65,271,83,639.jpg
BikesHelmets96.png,With Helmet,196,52,223,70,640.jpg
BikesHelmets96.png,With Helmet,353,47,375,66,641.jpg
BikesHelmets531.png,Without Helmet,97,29,135,68,642.jpg
BikesHelmets531.png,Without Helmet,193,1,235,38,643.jpg
BikesHelmets82.png,With Helmet,266,17,289,44,644.jpg
BikesHelmets82.png,With Helmet,125,39,145,60,645.jpg
BikesHelmets82.png,With Helmet,180,17,200,49,646.jpg
BikesHelmets525.png,With Helmet,292,38,325,75,647.jpg
BikesHelmets525.png,Without Helmet,72,51,104,89,648.jpg
BikesHelmets243.png,With Helmet,174,0,336,184,649.jpg
BikesHelmets519.png,With Helmet,153,9,201,62,650.jpg
BikesHelmets294.png,With Helmet,228,22,275,67,651.jpg
BikesHelmets55.png,Without Helmet,165,106,196,137,652.jpg
BikesHelmets41.png,With Helmet,140,57,183,104,653.jpg
BikesHelmets41.png,With Helmet,87,58,120,98,654.jpg
BikesHelmets280.png,With Helmet,251,29,282,62,655.jpg
BikesHelmets280.png,With Helmet,135,21,159,51,656.jpg
BikesHelmets69.png,With Helmet,231,33,264,74,657.jpg
BikesHelmets69.png,With Helmet,257,33,289,72,658.jpg
BikesHelmets323.png,With Helmet,181,72,242,145,659.jpg
BikesHelmets445.png,With Helmet,162,17,201,67,660.jpg
BikesHelmets451.png,With Helmet,207,26,276,91,661.jpg
BikesHelmets337.png,With Helmet,157,29,222,112,662.jpg
BikesHelmets479.png,Without Helmet,89,15,133,71,663.jpg
BikesHelmets486.png,With Helmet,192,36,237,85,664.jpg
BikesHelmets486.png,With Helmet,79,16,124,62,665.jpg
BikesHelmets486.png,With Helmet,298,16,340,64,666.jpg
BikesHelmets492.png,With Helmet,348,91,436,196,667.jpg
BikesHelmets492.png,With Helmet,157,20,247,125,668.jpg
BikesHelmets647.png,Without Helmet,234,23,279,75,669.jpg
BikesHelmets121.png,With Helmet,186,13,241,76,670.jpg
BikesHelmets135.png,With Helmet,97,7,167,92,671.jpg
BikesHelmets653.png,With Helmet,167,1,251,92,672.jpg
BikesHelmets109.png,With Helmet,47,110,118,181,673.jpg
BikesHelmets684.png,Without Helmet,87,10,142,69,674.jpg
BikesHelmets690.png,Without Helmet,170,40,201,68,675.jpg
BikesHelmets691.png,With Helmet,213,110,360,250,676.jpg
BikesHelmets685.png,With Helmet,151,68,187,109,677.jpg
BikesHelmets108.png,With Helmet,151,30,202,76,678.jpg
BikesHelmets134.png,With Helmet,163,52,191,83,679.jpg
BikesHelmets134.png,With Helmet,21,45,52,83,680.jpg
BikesHelmets134.png,With Helmet,253,41,272,66,681.jpg
BikesHelmets134.png,With Helmet,211,41,231,63,682.jpg
BikesHelmets134.png,With Helmet,309,37,325,56,683.jpg
BikesHelmets652.png,With Helmet,165,27,209,78,684.jpg
BikesHelmets652.png,With Helmet,75,3,131,64,685.jpg
BikesHelmets646.png,With Helmet,208,1,251,31,686.jpg
BikesHelmets120.png,With Helmet,248,1,308,64,687.jpg
BikesHelmets493.png,Without Helmet,203,22,260,71,688.jpg
BikesHelmets487.png,Without Helmet,211,56,243,94,689.jpg
BikesHelmets487.png,Without Helmet,172,61,198,87,690.jpg
BikesHelmets487.png,Without Helmet,194,49,215,69,691.jpg
BikesHelmets478.png,With Helmet,183,1,215,31,692.jpg
BikesHelmets450.png,Without Helmet,49,32,69,55,693.jpg
BikesHelmets450.png,With Helmet,328,35,350,63,694.jpg
BikesHelmets450.png,With Helmet,368,38,395,63,695.jpg
BikesHelmets336.png,With Helmet,209,27,257,79,696.jpg
BikesHelmets336.png,With Helmet,419,10,478,79,697.jpg
BikesHelmets336.png,With Helmet,377,29,405,63,698.jpg
BikesHelmets336.png,With Helmet,61,46,104,94,699.jpg
BikesHelmets322.png,With Helmet,177,48,237,106,700.jpg
BikesHelmets322.png,Without Helmet,234,12,292,67,701.jpg
BikesHelmets444.png,Without Helmet,27,1,56,29,703.jpg
BikesHelmets444.png,Without Helmet,86,5,114,33,704.jpg
BikesHelmets68.png,With Helmet,210,3,262,46,705.jpg
BikesHelmets40.png,With Helmet,132,56,166,96,706.jpg
BikesHelmets40.png,With Helmet,69,65,100,105,707.jpg
BikesHelmets281.png,Without Helmet,143,70,169,103,708.jpg
BikesHelmets295.png,With Helmet,98,12,163,91,709.jpg
BikesHelmets518.png,With Helmet,69,66,107,105,710.jpg
BikesHelmets518.png,With Helmet,146,34,178,76,711.jpg
BikesHelmets518.png,With Helmet,289,12,321,51,712.jpg
BikesHelmets518.png,With Helmet,213,58,242,92,713.jpg
BikesHelmets524.png,Without Helmet,176,2,220,45,714.jpg
BikesHelmets83.png,With Helmet,145,14,199,68,715.jpg
BikesHelmets242.png,With Helmet,196,36,230,78,716.jpg
BikesHelmets256.png,Without Helmet,242,0,290,47,717.jpg
BikesHelmets530.png,With Helmet,305,56,365,131,719.jpg
BikesHelmets530.png,With Helmet,58,31,116,107,720.jpg
BikesHelmets530.png,With Helmet,181,17,233,76,721.jpg
BikesHelmets97.png,With Helmet,19,73,77,141,722.jpg
BikesHelmets97.png,With Helmet,137,25,230,123,723.jpg
BikesHelmets97.png,With Helmet,355,18,416,103,724.jpg
BikesHelmets726.png,With Helmet,193,16,257,80,725.jpg
BikesHelmets732.png,With Helmet,145,6,206,92,726.jpg
BikesHelmets724.png,With Helmet,132,18,185,73,727.jpg
BikesHelmets724.png,With Helmet,202,18,233,62,728.jpg
BikesHelmets730.png,Without Helmet,188,44,293,152,729.jpg
BikesHelmets718.png,Without Helmet,186,3,222,41,730.jpg
BikesHelmets718.png,With Helmet,248,4,273,35,731.jpg
BikesHelmets240.png,With Helmet,119,13,153,55,732.jpg
BikesHelmets526.png,Without Helmet,122,8,145,37,733.jpg
BikesHelmets526.png,Without Helmet,51,16,76,43,734.jpg
BikesHelmets81.png,With Helmet,128,55,172,101,735.jpg
BikesHelmets81.png,With Helmet,66,62,101,106,736.jpg
BikesHelmets532.png,With Helmet,176,5,326,195,737.jpg
BikesHelmets95.png,With Helmet,238,8,291,64,738.jpg
BikesHelmets95.png,With Helmet,107,29,148,67,739.jpg
BikesHelmets254.png,With Helmet,111,17,160,80,740.jpg
BikesHelmets254.png,With Helmet,10,12,60,68,741.jpg
BikesHelmets268.png,With Helmet,137,18,184,67,742.jpg
BikesHelmets283.png,Without Helmet,250,78,280,118,743.jpg
BikesHelmets42.png,With Helmet,172,27,245,127,744.jpg
BikesHelmets56.png,With Helmet,97,34,131,72,745.jpg
BikesHelmets56.png,With Helmet,215,45,248,86,746.jpg
BikesHelmets297.png,Without Helmet,182,105,207,131,747.jpg
BikesHelmets297.png,With Helmet,78,98,97,119,748.jpg
BikesHelmets297.png,Without Helmet,271,96,294,119,749.jpg
BikesHelmets297.png,With Helmet,233,93,250,110,750.jpg
BikesHelmets297.png,Without Helmet,47,110,65,132,751.jpg
BikesHelmets297.png,Without Helmet,144,105,162,128,752.jpg
BikesHelmets297.png,Without Helmet,110,89,127,108,753.jpg
BikesHelmets297.png,Without Helmet,143,86,156,100,754.jpg
BikesHelmets297.png,With Helmet,213,97,228,116,755.jpg
BikesHelmets297.png,Without Helmet,184,87,198,102,756.jpg
BikesHelmets297.png,Without Helmet,317,83,331,97,757.jpg
BikesHelmets334.png,With Helmet,129,170,146,186,758.jpg
BikesHelmets334.png,Without Helmet,190,159,206,175,759.jpg
BikesHelmets334.png,Without Helmet,81,175,97,191,760.jpg
BikesHelmets334.png,Without Helmet,21,175,40,194,761.jpg
BikesHelmets334.png,With Helmet,148,148,160,159,762.jpg
BikesHelmets334.png,With Helmet,346,155,362,171,763.jpg
BikesHelmets334.png,Without Helmet,316,138,327,149,764.jpg
BikesHelmets452.png,Without Helmet,277,30,325,92,765.jpg
BikesHelmets446.png,With Helmet,176,4,230,83,766.jpg
BikesHelmets446.png,With Helmet,282,74,305,106,767.jpg
BikesHelmets446.png,With Helmet,99,58,133,100,768.jpg
BikesHelmets446.png,Without Helmet,99,58,133,100,769.jpg
BikesHelmets320.png,With Helmet,312,49,341,91,770.jpg
BikesHelmets320.png,With Helmet,148,10,204,81,771.jpg
BikesHelmets308.png,Without Helmet,165,51,189,82,772.jpg
BikesHelmets308.png,With Helmet,269,62,296,86,773.jpg
BikesHelmets308.png,With Helmet,325,70,353,100,774.jpg
BikesHelmets308.png,Without Helmet,62,58,92,87,775.jpg
BikesHelmets491.png,Without Helmet,150,10,222,94,776.jpg
BikesHelmets485.png,Without Helmet,160,29,204,86,777.jpg
BikesHelmets650.png,With Helmet,178,17,229,70,778.jpg
BikesHelmets136.png,With Helmet,191,13,229,52,779.jpg
BikesHelmets122.png,With Helmet,146,45,186,86,780.jpg
BikesHelmets644.png,With Helmet,235,74,274,119,781.jpg
BikesHelmets644.png,Without Helmet,123,4,158,39,782.jpg
BikesHelmets644.png,With Helmet,255,15,293,67,783.jpg
BikesHelmets678.png,Without Helmet,255,20,323,89,784.jpg
BikesHelmets693.png,With Helmet,193,61,237,112,785.jpg
BikesHelmets687.png,With Helmet,188,16,243,69,786.jpg
BikesHelmets686.png,With Helmet,199,43,268,128,787.jpg
BikesHelmets686.png,With Helmet,312,24,366,77,788.jpg
BikesHelmets686.png,With Helmet,131,31,179,90,789.jpg
BikesHelmets692.png,With Helmet,202,67,247,114,790.jpg
BikesHelmets692.png,With Helmet,118,62,156,107,791.jpg
BikesHelmets679.png,Without Helmet,216,3,260,52,792.jpg
BikesHelmets123.png,With Helmet,150,135,170,153,793.jpg
BikesHelmets645.png,With Helmet,299,45,343,88,794.jpg
BikesHelmets645.png,With Helmet,168,32,209,80,795.jpg
BikesHelmets645.png,With Helmet,50,27,103,79,796.jpg
BikesHelmets651.png,With Helmet,107,8,150,53,797.jpg
BikesHelmets137.png,Without Helmet,171,92,183,108,798.jpg
BikesHelmets137.png,Without Helmet,272,92,282,106,799.jpg
BikesHelmets137.png,Without Helmet,27,82,46,101,800.jpg
BikesHelmets137.png,Without Helmet,333,94,342,104,801.jpg
BikesHelmets137.png,Without Helmet,306,99,315,110,802.jpg
BikesHelmets137.png,Without Helmet,136,92,147,106,803.jpg
BikesHelmets137.png,Without Helmet,73,91,85,105,804.jpg
BikesHelmets484.png,With Helmet,58,69,110,119,805.jpg
BikesHelmets484.png,With Helmet,292,53,338,106,806.jpg
BikesHelmets490.png,With Helmet,152,78,248,167,807.jpg
BikesHelmets309.png,With Helmet,154,7,242,103,808.jpg
BikesHelmets447.png,Without Helmet,225,2,292,69,809.jpg
BikesHelmets321.png,With Helmet,72,53,135,119,810.jpg
BikesHelmets321.png,With Helmet,194,126,252,189,811.jpg
BikesHelmets321.png,With Helmet,277,5,342,66,812.jpg
BikesHelmets335.png,Without Helmet,156,51,203,113,813.jpg
BikesHelmets453.png,With Helmet,165,7,224,70,814.jpg
BikesHelmets57.png,Without Helmet,122,2,167,48,815.jpg
BikesHelmets296.png,With Helmet,198,20,245,70,816.jpg
BikesHelmets282.png,With Helmet,133,11,237,137,817.jpg
BikesHelmets43.png,With Helmet,121,19,140,44,818.jpg
BikesHelmets269.png,With Helmet,190,15,247,76,819.jpg
BikesHelmets94.png,With Helmet,121,2,211,81,820.jpg
BikesHelmets533.png,With Helmet,110,33,190,110,821.jpg
BikesHelmets255.png,With Helmet,225,41,274,85,822.jpg
BikesHelmets255.png,With Helmet,184,37,217,70,823.jpg
BikesHelmets241.png,With Helmet,196,61,232,98,824.jpg
BikesHelmets80.png,With Helmet,2,1,33,32,826.jpg
BikesHelmets80.png,With Helmet,290,1,323,34,827.jpg
BikesHelmets80.png,Without Helmet,179,4,209,41,828.jpg
BikesHelmets80.png,Without Helmet,316,6,333,29,829.jpg
BikesHelmets527.png,With Helmet,198,14,232,50,830.jpg
BikesHelmets527.png,With Helmet,64,3,122,48,831.jpg
BikesHelmets719.png,With Helmet,262,85,314,143,832.jpg
BikesHelmets731.png,With Helmet,149,96,201,147,833.jpg
BikesHelmets725.png,Without Helmet,192,10,233,50,834.jpg
BikesHelmets725.png,Without Helmet,294,67,325,94,835.jpg
BikesHelmets725.png,Without Helmet,94,71,119,98,836.jpg
BikesHelmets709.png,Without Helmet,210,2,252,43,837.jpg
BikesHelmets721.png,With Helmet,164,10,225,68,838.jpg
BikesHelmets523.png,Without Helmet,273,29,306,70,840.jpg
BikesHelmets523.png,Without Helmet,181,48,205,75,841.jpg
BikesHelmets84.png,With Helmet,120,86,193,163,842.jpg
BikesHelmets245.png,With Helmet,173,27,238,100,843.jpg
BikesHelmets251.png,Without Helmet,150,5,177,40,844.jpg
BikesHelmets537.png,With Helmet,187,21,275,123,845.jpg
BikesHelmets90.png,With Helmet,261,1,358,82,846.jpg
BikesHelmets47.png,Without Helmet,172,92,206,126,847.jpg
BikesHelmets47.png,Without Helmet,62,85,101,127,848.jpg
BikesHelmets47.png,Without Helmet,252,88,284,124,849.jpg
BikesHelmets286.png,With Helmet,246,31,266,61,850.jpg
BikesHelmets286.png,With Helmet,164,32,194,74,851.jpg
BikesHelmets286.png,With Helmet,45,33,94,85,852.jpg
BikesHelmets292.png,With Helmet,45,18,142,116,853.jpg
BikesHelmets53.png,With Helmet,192,10,250,67,854.jpg
BikesHelmets319.png,With Helmet,238,44,286,92,855.jpg
BikesHelmets319.png,With Helmet,132,56,168,93,856.jpg
BikesHelmets457.png,With Helmet,180,90,194,104,857.jpg
BikesHelmets457.png,With Helmet,267,94,289,111,858.jpg
BikesHelmets331.png,Without Helmet,164,35,187,62,859.jpg
BikesHelmets331.png,Without Helmet,191,41,215,66,860.jpg
BikesHelmets325.png,Without Helmet,273,102,290,126,861.jpg
BikesHelmets325.png,Without Helmet,157,75,182,98,862.jpg
BikesHelmets325.png,Without Helmet,22,77,45,102,863.jpg
BikesHelmets325.png,Without Helmet,190,77,213,102,864.jpg
BikesHelmets325.png,Without Helmet,124,74,139,93,865.jpg
BikesHelmets443.png,With Helmet,229,67,272,120,866.jpg
BikesHelmets443.png,With Helmet,295,61,341,107,867.jpg
BikesHelmets443.png,With Helmet,39,66,85,119,868.jpg
BikesHelmets443.png,With Helmet,164,85,204,125,869.jpg
BikesHelmets443.png,With Helmet,103,86,142,132,870.jpg
BikesHelmets494.png,Without Helmet,149,13,233,105,871.jpg
BikesHelmets480.png,Without Helmet,177,19,206,54,872.jpg
BikesHelmets669.png,With Helmet,65,3,146,80,873.jpg
BikesHelmets133.png,Without Helmet,175,103,216,141,874.jpg
BikesHelmets655.png,With Helmet,127,73,152,94,875.jpg
BikesHelmets641.png,Without Helmet,144,1,203,78,876.jpg
BikesHelmets127.png,With Helmet,49,31,119,111,877.jpg
BikesHelmets696.png,With Helmet,155,17,205,72,878.jpg
BikesHelmets696.png,With Helmet,104,12,153,65,879.jpg
BikesHelmets682.png,With Helmet,266,32,284,47,880.jpg
BikesHelmets683.png,Without Helmet,184,36,215,69,881.jpg
BikesHelmets683.png,Without Helmet,293,42,324,80,882.jpg
BikesHelmets697.png,With Helmet,245,48,293,93,883.jpg
BikesHelmets697.png,With Helmet,326,36,385,87,884.jpg
BikesHelmets697.png,With Helmet,212,72,244,104,885.jpg
BikesHelmets697.png,With Helmet,147,92,169,115,886.jpg
BikesHelmets640.png,Without Helmet,278,265,311,301,887.jpg
BikesHelmets640.png,Without Helmet,121,252,151,283,888.jpg
BikesHelmets640.png,With Helmet,404,133,424,153,889.jpg
BikesHelmets126.png,With Helmet,369,137,414,189,890.jpg
BikesHelmets126.png,With Helmet,277,125,312,165,891.jpg
BikesHelmets126.png,With Helmet,73,140,114,188,892.jpg
BikesHelmets126.png,With Helmet,474,115,510,158,893.jpg
BikesHelmets126.png,With Helmet,184,143,240,202,894.jpg
BikesHelmets132.png,With Helmet,348,92,387,139,895.jpg
BikesHelmets132.png,With Helmet,237,62,277,108,896.jpg
BikesHelmets132.png,With Helmet,169,77,199,121,897.jpg
BikesHelmets132.png,With Helmet,105,107,128,135,898.jpg
BikesHelmets132.png,With Helmet,51,135,73,160,899.jpg
BikesHelmets654.png,With Helmet,199,31,270,113,900.jpg
BikesHelmets668.png,Without Helmet,95,20,125,51,901.jpg
BikesHelmets668.png,Without Helmet,231,21,256,49,902.jpg
BikesHelmets668.png,Without Helmet,156,3,194,36,903.jpg
BikesHelmets668.png,Without Helmet,96,18,125,52,904.jpg
BikesHelmets668.png,Without Helmet,337,45,370,89,905.jpg
BikesHelmets481.png,With Helmet,279,77,381,194,906.jpg
BikesHelmets481.png,With Helmet,388,97,486,195,907.jpg
BikesHelmets495.png,With Helmet,281,43,309,76,908.jpg
BikesHelmets495.png,With Helmet,186,49,213,81,909.jpg
BikesHelmets324.png,Without Helmet,115,36,145,73,910.jpg
BikesHelmets442.png,With Helmet,109,123,153,163,911.jpg
BikesHelmets442.png,With Helmet,260,114,303,158,912.jpg
BikesHelmets456.png,With Helmet,155,29,206,94,913.jpg
BikesHelmets330.png,With Helmet,127,8,207,106,914.jpg
BikesHelmets318.png,Without Helmet,162,71,185,93,915.jpg
BikesHelmets318.png,Without Helmet,71,66,95,94,916.jpg
BikesHelmets293.png,With Helmet,145,250,171,279,917.jpg
BikesHelmets293.png,With Helmet,208,233,225,254,918.jpg
BikesHelmets293.png,Without Helmet,277,245,303,271,919.jpg
BikesHelmets52.png,Without Helmet,150,21,186,59,920.jpg
BikesHelmets52.png,Without Helmet,308,5,344,43,921.jpg
BikesHelmets52.png,Without Helmet,39,16,76,52,922.jpg
BikesHelmets46.png,With Helmet,253,61,290,93,923.jpg
BikesHelmets287.png,With Helmet,240,24,288,80,924.jpg
BikesHelmets250.png,With Helmet,208,48,241,90,925.jpg
BikesHelmets250.png,With Helmet,119,70,137,90,926.jpg
BikesHelmets91.png,With Helmet,93,32,115,55,927.jpg
BikesHelmets91.png,With Helmet,37,39,57,60,928.jpg
BikesHelmets91.png,With Helmet,172,37,193,58,929.jpg
BikesHelmets91.png,With Helmet,256,29,279,55,930.jpg
BikesHelmets91.png,With Helmet,328,48,348,65,931.jpg
BikesHelmets91.png,With Helmet,292,50,310,67,932.jpg
BikesHelmets91.png,With Helmet,125,48,140,68,933.jpg
BikesHelmets536.png,With Helmet,290,90,308,108,934.jpg
BikesHelmets536.png,With Helmet,224,102,242,121,935.jpg
BikesHelmets85.png,With Helmet,172,6,259,133,936.jpg
BikesHelmets522.png,With Helmet,263,7,303,51,937.jpg
BikesHelmets244.png,With Helmet,270,42,285,55,938.jpg
BikesHelmets244.png,With Helmet,297,48,313,63,939.jpg
BikesHelmets244.png,With Helmet,225,40,237,50,940.jpg
BikesHelmets278.png,With Helmet,196,16,243,67,941.jpg
BikesHelmets734.png,Without Helmet,184,12,217,50,942.jpg
BikesHelmets720.png,With Helmet,142,13,175,45,943.jpg
BikesHelmets708.png,Without Helmet,87,98,108,123,944.jpg
BikesHelmets708.png,Without Helmet,58,101,78,120,945.jpg
BikesHelmets708.png,Without Helmet,176,113,190,129,946.jpg
BikesHelmets708.png,Without Helmet,227,112,240,129,947.jpg
BikesHelmets708.png,Without Helmet,258,120,267,132,948.jpg
BikesHelmets736.png,Without Helmet,121,1,176,52,949.jpg
BikesHelmets722.png,With Helmet,126,2,176,63,950.jpg
BikesHelmets508.png,With Helmet,196,11,256,78,951.jpg
BikesHelmets93.png,Without Helmet,173,7,216,62,952.jpg
BikesHelmets534.png,With Helmet,222,96,261,128,953.jpg
BikesHelmets252.png,With Helmet,102,46,152,101,954.jpg
BikesHelmets252.png,With Helmet,196,61,239,113,955.jpg
BikesHelmets246.png,With Helmet,199,14,235,50,956.jpg
BikesHelmets87.png,Without Helmet,85,91,120,122,957.jpg
BikesHelmets87.png,Without Helmet,157,94,184,125,958.jpg
BikesHelmets520.png,With Helmet,277,47,335,113,959.jpg
BikesHelmets520.png,With Helmet,133,78,175,128,960.jpg
BikesHelmets520.png,With Helmet,454,75,478,105,961.jpg
BikesHelmets78.png,With Helmet,93,30,209,158,962.jpg
BikesHelmets291.png,With Helmet,219,14,251,52,963.jpg
BikesHelmets285.png,With Helmet,72,120,186,234,964.jpg
BikesHelmets44.png,With Helmet,115,4,173,68,965.jpg
BikesHelmets44.png,With Helmet,49,12,91,60,966.jpg
BikesHelmets468.png,With Helmet,75,9,153,90,967.jpg
BikesHelmets440.png,Without Helmet,44,38,74,76,968.jpg
BikesHelmets440.png,Without Helmet,161,51,185,85,969.jpg
BikesHelmets440.png,Without Helmet,299,58,321,84,970.jpg
BikesHelmets440.png,Without Helmet,229,56,254,83,971.jpg
BikesHelmets332.png,With Helmet,264,1,326,82,973.jpg
BikesHelmets332.png,With Helmet,151,31,195,98,974.jpg
BikesHelmets332.png,With Helmet,48,42,94,101,975.jpg
BikesHelmets454.png,With Helmet,291,16,327,66,976.jpg
BikesHelmets454.png,With Helmet,200,33,231,65,977.jpg
BikesHelmets454.png,With Helmet,243,32,269,72,978.jpg
BikesHelmets454.png,With Helmet,129,41,149,66,979.jpg
BikesHelmets483.png,Without Helmet,26,122,62,158,980.jpg
BikesHelmets483.png,Without Helmet,165,118,194,148,981.jpg
BikesHelmets483.png,Without Helmet,279,103,299,130,982.jpg
BikesHelmets483.png,Without Helmet,257,116,275,142,983.jpg
BikesHelmets483.png,Without Helmet,305,113,323,135,984.jpg
BikesHelmets497.png,With Helmet,137,1,177,39,985.jpg
BikesHelmets118.png,With Helmet,224,94,257,129,986.jpg
BikesHelmets124.png,With Helmet,61,61,89,96,987.jpg
BikesHelmets124.png,With Helmet,138,70,160,94,988.jpg
BikesHelmets124.png,With Helmet,345,65,371,97,989.jpg
BikesHelmets642.png,With Helmet,270,51,308,89,990.jpg
BikesHelmets642.png,With Helmet,122,61,151,96,991.jpg
BikesHelmets656.png,Without Helmet,78,40,102,69,992.jpg
BikesHelmets130.png,Without Helmet,186,24,247,77,993.jpg
BikesHelmets681.png,Without Helmet,123,1,169,54,994.jpg
BikesHelmets695.png,With Helmet,168,21,219,72,995.jpg
BikesHelmets694.png,Without Helmet,120,3,166,52,996.jpg
BikesHelmets680.png,With Helmet,167,0,226,57,997.jpg
BikesHelmets657.png,Without Helmet,201,61,223,88,998.jpg
BikesHelmets657.png,Without Helmet,317,63,341,96,999.jpg
BikesHelmets657.png,Without Helmet,262,65,280,89,1000.jpg
BikesHelmets131.png,With Helmet,279,66,297,89,1001.jpg
BikesHelmets131.png,With Helmet,343,67,372,99,1002.jpg
BikesHelmets131.png,With Helmet,260,75,276,94,1003.jpg
BikesHelmets131.png,With Helmet,174,70,192,93,1004.jpg
BikesHelmets131.png,With Helmet,135,70,160,94,1005.jpg
BikesHelmets131.png,With Helmet,92,56,119,87,1006.jpg
BikesHelmets131.png,With Helmet,60,60,89,93,1007.jpg
BikesHelmets125.png,With Helmet,189,8,243,74,1008.jpg
BikesHelmets643.png,Without Helmet,212,102,231,118,1009.jpg
BikesHelmets643.png,Without Helmet,128,102,145,117,1010.jpg
BikesHelmets643.png,Without Helmet,213,80,233,101,1011.jpg
BikesHelmets643.png,Without Helmet,131,84,151,102,1012.jpg
BikesHelmets119.png,Without Helmet,195,22,262,95,1013.jpg
BikesHelmets496.png,Without Helmet,201,17,249,77,1014.jpg
BikesHelmets482.png,Without Helmet,91,98,101,109,1015.jpg
BikesHelmets333.png,With Helmet,194,61,242,112,1016.jpg
BikesHelmets333.png,With Helmet,106,47,150,101,1017.jpg
BikesHelmets455.png,With Helmet,138,22,183,65,1018.jpg
BikesHelmets327.png,With Helmet,252,96,306,154,1020.jpg
BikesHelmets469.png,With Helmet,39,129,84,174,1021.jpg
BikesHelmets469.png,With Helmet,134,117,163,145,1022.jpg
BikesHelmets469.png,With Helmet,306,80,342,118,1023.jpg
BikesHelmets284.png,With Helmet,315,28,376,91,1024.jpg
BikesHelmets45.png,With Helmet,187,20,241,76,1025.jpg
BikesHelmets51.png,With Helmet,113,22,158,72,1026.jpg
BikesHelmets290.png,With Helmet,192,36,230,89,1027.jpg
BikesHelmets79.png,With Helmet,206,13,256,65,1028.jpg
BikesHelmets79.png,With Helmet,259,5,294,42,1029.jpg
BikesHelmets247.png,With Helmet,294,23,327,66,1030.jpg
BikesHelmets247.png,With Helmet,218,60,268,114,1031.jpg
BikesHelmets247.png,With Helmet,173,63,209,101,1032.jpg
BikesHelmets247.png,With Helmet,116,55,151,100,1033.jpg
BikesHelmets521.png,With Helmet,191,8,253,67,1034.jpg
BikesHelmets86.png,With Helmet,95,27,161,100,1035.jpg
BikesHelmets535.png,With Helmet,197,65,250,123,1036.jpg
BikesHelmets92.png,With Helmet,217,7,258,55,1037.jpg
BikesHelmets253.png,Without Helmet,189,53,221,89,1038.jpg
BikesHelmets509.png,With Helmet,118,35,185,120,1039.jpg
BikesHelmets723.png,Without Helmet,182,25,250,79,1040.jpg
BikesHelmets737.png,With Helmet,92,53,125,102,1041.jpg
BikesHelmets737.png,With Helmet,187,32,220,74,1042.jpg
BikesHelmets6.png,With Helmet,313,12,356,52,1043.jpg
BikesHelmets6.png,With Helmet,255,18,280,52,1044.jpg
BikesHelmets6.png,With Helmet,235,19,256,50,1045.jpg
BikesHelmets6.png,With Helmet,141,17,175,54,1046.jpg
BikesHelmets6.png,With Helmet,171,8,196,37,1047.jpg
BikesHelmets750.png,With Helmet,154,140,209,202,1048.jpg
BikesHelmets744.png,Without Helmet,101,84,125,115,1049.jpg
BikesHelmets744.png,With Helmet,302,89,334,122,1050.jpg
BikesHelmets744.png,Without Helmet,206,85,230,115,1051.jpg
BikesHelmets744.png,With Helmet,26,64,59,103,1052.jpg
BikesHelmets552.png,With Helmet,113,60,215,165,1053.jpg
BikesHelmets552.png,With Helmet,220,66,281,155,1054.jpg
BikesHelmets234.png,With Helmet,176,9,236,65,1055.jpg
BikesHelmets220.png,With Helmet,44,99,56,111,1056.jpg
BikesHelmets220.png,Without Helmet,78,105,96,123,1057.jpg
BikesHelmets220.png,Without Helmet,249,106,268,125,1058.jpg
BikesHelmets220.png,Without Helmet,139,107,155,128,1059.jpg
BikesHelmets220.png,Without Helmet,213,87,223,100,1060.jpg
BikesHelmets546.png,Without Helmet,143,21,172,56,1061.jpg
BikesHelmets208.png,With Helmet,322,69,356,101,1062.jpg
BikesHelmets208.png,With Helmet,268,58,298,90,1063.jpg
BikesHelmets208.png,Without Helmet,164,51,191,82,1064.jpg
BikesHelmets208.png,Without Helmet,62,56,90,87,1065.jpg
BikesHelmets591.png,With Helmet,119,65,216,196,1066.jpg
BikesHelmets36.png,With Helmet,170,35,235,94,1067.jpg
BikesHelmets585.png,Without Helmet,210,25,279,82,1068.jpg
BikesHelmets22.png,With Helmet,186,11,244,73,1069.jpg
BikesHelmets22.png,With Helmet,132,3,184,53,1070.jpg
BikesHelmets426.png,With Helmet,191,11,261,90,1071.jpg
BikesHelmets340.png,Without Helmet,144,46,227,134,1072.jpg
BikesHelmets354.png,With Helmet,317,26,341,52,1073.jpg
BikesHelmets354.png,With Helmet,242,16,264,40,1074.jpg
BikesHelmets354.png,With Helmet,180,10,204,35,1075.jpg
BikesHelmets354.png,With Helmet,28,5,50,25,1076.jpg
BikesHelmets354.png,With Helmet,114,5,139,29,1077.jpg
BikesHelmets354.png,With Helmet,363,32,377,47,1078.jpg
BikesHelmets354.png,With Helmet,281,28,292,42,1079.jpg
BikesHelmets354.png,With Helmet,384,36,398,53,1080.jpg
BikesHelmets432.png,With Helmet,313,2,420,102,1081.jpg
BikesHelmets368.png,With Helmet,232,7,284,65,1082.jpg
BikesHelmets383.png,Without Helmet,132,62,148,83,1083.jpg
BikesHelmets383.png,Without Helmet,128,44,144,65,1084.jpg
BikesHelmets397.png,With Helmet,172,26,221,74,1085.jpg
BikesHelmets397.png,Without Helmet,256,20,286,56,1086.jpg
BikesHelmets142.png,With Helmet,86,52,153,132,1087.jpg
BikesHelmets624.png,With Helmet,60,7,118,82,1088.jpg
BikesHelmets630.png,Without Helmet,221,8,278,51,1089.jpg
BikesHelmets156.png,Without Helmet,166,6,208,50,1090.jpg
BikesHelmets618.png,With Helmet,112,70,138,95,1091.jpg
BikesHelmets618.png,With Helmet,190,78,212,106,1092.jpg
BikesHelmets618.png,With Helmet,286,92,304,117,1093.jpg
BikesHelmets618.png,With Helmet,327,100,342,119,1094.jpg
BikesHelmets181.png,With Helmet,172,26,220,71,1095.jpg
BikesHelmets195.png,With Helmet,266,30,300,72,1096.jpg
BikesHelmets195.png,With Helmet,172,36,207,80,1097.jpg
BikesHelmets195.png,With Helmet,348,2,390,48,1098.jpg
BikesHelmets194.png,With Helmet,286,46,319,88,1099.jpg
BikesHelmets194.png,Without Helmet,93,39,123,72,1100.jpg
BikesHelmets180.png,Without Helmet,149,29,179,60,1101.jpg
BikesHelmets180.png,Without Helmet,294,26,319,58,1102.jpg
BikesHelmets180.png,Without Helmet,34,65,59,91,1103.jpg
BikesHelmets619.png,With Helmet,111,12,192,113,1104.jpg
BikesHelmets619.png,With Helmet,9,27,50,75,1105.jpg
BikesHelmets619.png,With Helmet,228,27,259,64,1106.jpg
BikesHelmets631.png,Without Helmet,121,77,171,127,1107.jpg
BikesHelmets631.png,Without Helmet,303,74,349,117,1108.jpg
BikesHelmets631.png,Without Helmet,216,81,243,109,1109.jpg
BikesHelmets157.png,With Helmet,227,90,264,130,1110.jpg
BikesHelmets143.png,Without Helmet,322,22,352,55,1111.jpg
BikesHelmets143.png,Without Helmet,97,18,131,56,1112.jpg
BikesHelmets625.png,With Helmet,160,19,215,75,1113.jpg
BikesHelmets396.png,With Helmet,194,7,253,64,1114.jpg
BikesHelmets382.png,With Helmet,225,19,281,74,1115.jpg
BikesHelmets382.png,With Helmet,285,18,336,66,1116.jpg
BikesHelmets369.png,Without Helmet,166,94,201,143,1117.jpg
BikesHelmets355.png,With Helmet,131,15,285,168,1118.jpg
BikesHelmets433.png,With Helmet,320,46,358,88,1119.jpg
BikesHelmets433.png,With Helmet,138,39,192,92,1120.jpg
BikesHelmets433.png,With Helmet,189,57,223,100,1121.jpg
BikesHelmets427.png,With Helmet,281,6,339,58,1122.jpg
BikesHelmets341.png,Without Helmet,135,57,174,101,1123.jpg
BikesHelmets23.png,With Helmet,112,27,161,82,1124.jpg
BikesHelmets23.png,With Helmet,306,75,332,99,1125.jpg
BikesHelmets23.png,With Helmet,338,76,356,100,1126.jpg
BikesHelmets584.png,With Helmet,62,121,122,184,1127.jpg
BikesHelmets37.png,With Helmet,197,59,246,109,1128.jpg
BikesHelmets37.png,With Helmet,289,58,323,100,1129.jpg
BikesHelmets37.png,With Helmet,8,76,67,147,1130.jpg
BikesHelmets37.png,With Helmet,58,55,88,89,1131.jpg
BikesHelmets590.png,With Helmet,277,2,325,50,1132.jpg
BikesHelmets209.png,With Helmet,112,9,155,53,1133.jpg
BikesHelmets209.png,With Helmet,76,8,110,46,1134.jpg
BikesHelmets221.png,With Helmet,128,5,161,41,1135.jpg
BikesHelmets221.png,With Helmet,186,13,234,73,1136.jpg
BikesHelmets221.png,With Helmet,324,29,363,76,1137.jpg
BikesHelmets547.png,With Helmet,132,100,149,118,1138.jpg
BikesHelmets547.png,With Helmet,189,156,210,179,1139.jpg
BikesHelmets553.png,Without Helmet,118,17,149,57,1140.jpg
BikesHelmets235.png,With Helmet,139,124,160,141,1141.jpg
BikesHelmets235.png,With Helmet,291,119,304,131,1142.jpg
BikesHelmets745.png,With Helmet,148,1,183,30,1143.jpg
BikesHelmets7.png,With Helmet,201,80,219,106,1144.jpg
BikesHelmets7.png,With Helmet,311,91,339,117,1145.jpg
BikesHelmets7.png,With Helmet,78,74,97,98,1146.jpg
BikesHelmets751.png,With Helmet,310,33,368,109,1147.jpg
BikesHelmets751.png,With Helmet,240,27,294,104,1148.jpg
BikesHelmets751.png,With Helmet,148,48,190,106,1149.jpg
BikesHelmets751.png,With Helmet,98,42,142,104,1150.jpg
BikesHelmets751.png,With Helmet,12,66,50,114,1151.jpg
BikesHelmets747.png,With Helmet,222,28,303,117,1152.jpg
BikesHelmets747.png,Without Helmet,159,52,214,121,1153.jpg
BikesHelmets753.png,With Helmet,220,10,263,56,1154.jpg
BikesHelmets753.png,With Helmet,277,4,322,50,1155.jpg
BikesHelmets5.png,Without Helmet,120,2,178,52,1156.jpg
BikesHelmets545.png,With Helmet,82,7,211,159,1157.jpg
BikesHelmets223.png,Without Helmet,65,52,82,69,1158.jpg
BikesHelmets237.png,With Helmet,165,17,220,71,1159.jpg
BikesHelmets551.png,With Helmet,161,5,208,63,1160.jpg
BikesHelmets579.png,Without Helmet,146,0,188,47,1161.jpg
BikesHelmets21.png,With Helmet,103,27,222,146,1162.jpg
BikesHelmets586.png,With Helmet,192,23,233,71,1163.jpg
BikesHelmets586.png,With Helmet,296,37,318,59,1164.jpg
BikesHelmets592.png,With Helmet,179,161,197,179,1165.jpg
BikesHelmets431.png,Without Helmet,185,15,242,94,1166.jpg
BikesHelmets357.png,Without Helmet,214,11,298,85,1167.jpg
BikesHelmets357.png,Without Helmet,328,11,400,89,1168.jpg
BikesHelmets343.png,With Helmet,230,35,275,74,1170.jpg
BikesHelmets425.png,With Helmet,112,54,220,170,1171.jpg
BikesHelmets419.png,With Helmet,231,49,297,123,1172.jpg
BikesHelmets419.png,With Helmet,151,5,212,88,1173.jpg
BikesHelmets394.png,Without Helmet,61,85,103,130,1174.jpg
BikesHelmets394.png,Without Helmet,172,92,205,128,1175.jpg
BikesHelmets394.png,Without Helmet,251,88,284,123,1176.jpg
BikesHelmets394.png,Without Helmet,347,88,377,120,1177.jpg
BikesHelmets380.png,With Helmet,306,13,416,138,1178.jpg
BikesHelmets155.png,With Helmet,114,32,178,114,1179.jpg
BikesHelmets155.png,With Helmet,30,122,91,185,1180.jpg
BikesHelmets633.png,Without Helmet,320,91,347,115,1181.jpg
BikesHelmets627.png,Without Helmet,205,42,242,79,1182.jpg
BikesHelmets141.png,With Helmet,274,59,306,90,1183.jpg
BikesHelmets169.png,With Helmet,257,17,340,102,1184.jpg
BikesHelmets169.png,With Helmet,213,38,262,100,1185.jpg
BikesHelmets196.png,Without Helmet,121,50,160,99,1186.jpg
BikesHelmets182.png,Without Helmet,193,3,250,75,1187.jpg
BikesHelmets183.png,With Helmet,185,61,242,120,1188.jpg
BikesHelmets197.png,Without Helmet,231,74,260,111,1189.jpg
BikesHelmets168.png,Without Helmet,109,4,199,119,1190.jpg
BikesHelmets626.png,With Helmet,222,2,258,38,1191.jpg
BikesHelmets140.png,Without Helmet,190,7,272,102,1193.jpg
BikesHelmets154.png,With Helmet,217,59,235,78,1194.jpg
BikesHelmets154.png,Without Helmet,88,41,119,88,1195.jpg
BikesHelmets154.png,With Helmet,122,48,151,95,1196.jpg
BikesHelmets632.png,With Helmet,315,58,343,94,1197.jpg
BikesHelmets632.png,With Helmet,71,32,156,127,1198.jpg
BikesHelmets381.png,With Helmet,178,44,230,118,1199.jpg
BikesHelmets381.png,With Helmet,110,67,146,109,1200.jpg
BikesHelmets395.png,With Helmet,229,0,289,52,1201.jpg
BikesHelmets418.png,With Helmet,192,46,232,88,1202.jpg
BikesHelmets342.png,With Helmet,156,16,204,72,1203.jpg
BikesHelmets424.png,With Helmet,124,27,194,103,1204.jpg
BikesHelmets430.png,Without Helmet,82,76,108,101,1205.jpg
BikesHelmets430.png,Without Helmet,243,55,283,92,1206.jpg
BikesHelmets356.png,With Helmet,236,73,290,130,1207.jpg
BikesHelmets593.png,With Helmet,285,5,336,64,1208.jpg
BikesHelmets593.png,Without Helmet,111,5,149,50,1209.jpg
BikesHelmets34.png,With Helmet,136,14,184,62,1210.jpg
BikesHelmets587.png,Without Helmet,225,13,262,55,1211.jpg
BikesHelmets20.png,With Helmet,93,116,162,193,1212.jpg
BikesHelmets20.png,With Helmet,154,161,271,293,1213.jpg
BikesHelmets578.png,Without Helmet,148,18,182,54,1214.jpg
BikesHelmets578.png,Without Helmet,109,57,135,87,1215.jpg
BikesHelmets236.png,With Helmet,43,5,123,106,1216.jpg
BikesHelmets550.png,Without Helmet,208,13,240,52,1217.jpg
BikesHelmets550.png,Without Helmet,136,4,167,39,1218.jpg
BikesHelmets544.png,With Helmet,156,9,212,64,1219.jpg
BikesHelmets222.png,Without Helmet,215,71,241,101,1220.jpg
BikesHelmets752.png,Without Helmet,184,63,200,84,1221.jpg
BikesHelmets752.png,Without Helmet,121,65,138,87,1222.jpg
BikesHelmets752.png,Without Helmet,53,68,75,88,1223.jpg
BikesHelmets752.png,Without Helmet,244,60,261,80,1224.jpg
BikesHelmets752.png,Without Helmet,320,62,340,83,1225.jpg
BikesHelmets4.png,With Helmet,180,43,233,88,1226.jpg
BikesHelmets746.png,With Helmet,105,45,152,108,1227.jpg
BikesHelmets742.png,With Helmet,191,2,249,79,1228.jpg
BikesHelmets0.png,With Helmet,29,105,82,160,1229.jpg
BikesHelmets0.png,With Helmet,122,66,193,154,1230.jpg
BikesHelmets0.png,With Helmet,201,43,246,98,1231.jpg
BikesHelmets0.png,With Helmet,307,17,371,107,1232.jpg
BikesHelmets756.png,With Helmet,174,33,268,128,1233.jpg
BikesHelmets568.png,With Helmet,180,16,234,75,1234.jpg
BikesHelmets226.png,With Helmet,118,1,253,97,1235.jpg
BikesHelmets540.png,Without Helmet,79,13,145,97,1236.jpg
BikesHelmets540.png,Without Helmet,175,48,219,109,1237.jpg
BikesHelmets554.png,Without Helmet,209,14,244,58,1238.jpg
BikesHelmets554.png,Without Helmet,250,0,293,36,1239.jpg
BikesHelmets232.png,Without Helmet,197,2,272,92,1240.jpg
BikesHelmets18.png,With Helmet,140,5,191,48,1241.jpg
BikesHelmets18.png,With Helmet,84,7,125,50,1242.jpg
BikesHelmets24.png,With Helmet,107,5,203,129,1243.jpg
BikesHelmets583.png,Without Helmet,342,108,379,149,1244.jpg
BikesHelmets30.png,With Helmet,94,62,152,130,1245.jpg
BikesHelmets30.png,With Helmet,24,159,70,210,1246.jpg
BikesHelmets30.png,With Helmet,132,101,180,156,1247.jpg
BikesHelmets597.png,With Helmet,185,44,245,108,1248.jpg
BikesHelmets408.png,Without Helmet,171,49,188,72,1249.jpg
BikesHelmets408.png,Without Helmet,190,59,208,81,1250.jpg
BikesHelmets352.png,With Helmet,245,2,307,65,1251.jpg
BikesHelmets434.png,With Helmet,186,7,247,83,1252.jpg
BikesHelmets420.png,Without Helmet,106,2,196,90,1253.jpg
BikesHelmets346.png,With Helmet,138,22,198,87,1254.jpg
BikesHelmets391.png,Without Helmet,117,118,139,139,1255.jpg
BikesHelmets385.png,Without Helmet,41,38,77,79,1256.jpg
BikesHelmets385.png,Without Helmet,227,54,253,88,1257.jpg
BikesHelmets385.png,Without Helmet,155,47,186,88,1258.jpg
BikesHelmets385.png,Without Helmet,299,57,321,84,1259.jpg
BikesHelmets178.png,With Helmet,68,50,243,180,1260.jpg
BikesHelmets178.png,With Helmet,310,40,499,203,1261.jpg
BikesHelmets636.png,With Helmet,182,61,224,96,1262.jpg
BikesHelmets636.png,With Helmet,114,31,144,62,1263.jpg
BikesHelmets636.png,With Helmet,135,7,163,39,1264.jpg
BikesHelmets150.png,With Helmet,145,47,178,83,1265.jpg
BikesHelmets150.png,Without Helmet,326,63,352,95,1266.jpg
BikesHelmets150.png,With Helmet,232,68,260,97,1267.jpg
BikesHelmets144.png,Without Helmet,134,63,178,111,1268.jpg
BikesHelmets622.png,Without Helmet,174,55,226,116,1269.jpg
BikesHelmets622.png,Without Helmet,382,74,434,131,1270.jpg
BikesHelmets193.png,With Helmet,194,49,242,89,1271.jpg
BikesHelmets187.png,With Helmet,280,7,335,58,1272.jpg
BikesHelmets186.png,Without Helmet,126,69,171,133,1273.jpg
BikesHelmets192.png,Without Helmet,154,38,200,91,1274.jpg
BikesHelmets145.png,With Helmet,141,38,169,67,1275.jpg
BikesHelmets145.png,With Helmet,215,27,241,52,1276.jpg
BikesHelmets145.png,With Helmet,264,26,285,50,1277.jpg
BikesHelmets145.png,With Helmet,117,30,136,49,1278.jpg
BikesHelmets623.png,With Helmet,191,38,248,108,1279.jpg
BikesHelmets637.png,Without Helmet,188,76,208,103,1280.jpg
BikesHelmets637.png,Without Helmet,43,89,66,115,1281.jpg
BikesHelmets637.png,Without Helmet,357,81,379,109,1282.jpg
BikesHelmets151.png,With Helmet,139,10,185,67,1283.jpg
BikesHelmets151.png,With Helmet,111,29,147,75,1284.jpg
BikesHelmets179.png,With Helmet,356,165,415,233,1285.jpg
BikesHelmets179.png,With Helmet,92,168,144,224,1286.jpg
BikesHelmets384.png,Without Helmet,108,15,163,81,1287.jpg
BikesHelmets390.png,With Helmet,158,158,215,207,1288.jpg
BikesHelmets421.png,With Helmet,36,96,89,157,1289.jpg
BikesHelmets421.png,With Helmet,122,98,180,155,1290.jpg
BikesHelmets421.png,With Helmet,217,131,254,189,1291.jpg
BikesHelmets347.png,With Helmet,180,20,276,130,1292.jpg
BikesHelmets353.png,Without Helmet,177,72,195,99,1293.jpg
BikesHelmets353.png,Without Helmet,31,81,54,104,1294.jpg
BikesHelmets353.png,Without Helmet,338,65,363,93,1295.jpg
BikesHelmets353.png,Without Helmet,232,74,256,99,1296.jpg
BikesHelmets353.png,Without Helmet,270,76,287,94,1297.jpg
BikesHelmets353.png,Without Helmet,113,78,134,104,1298.jpg
BikesHelmets353.png,Without Helmet,297,74,311,93,1299.jpg
BikesHelmets353.png,Without Helmet,202,78,216,96,1300.jpg
BikesHelmets353.png,Without Helmet,136,74,153,96,1301.jpg
BikesHelmets435.png,With Helmet,70,2,147,85,1302.jpg
BikesHelmets409.png,With Helmet,203,40,252,105,1303.jpg
BikesHelmets409.png,With Helmet,269,54,315,110,1304.jpg
BikesHelmets596.png,With Helmet,160,31,185,62,1305.jpg
BikesHelmets596.png,With Helmet,135,31,150,53,1306.jpg
BikesHelmets596.png,With Helmet,119,32,132,55,1307.jpg
BikesHelmets596.png,With Helmet,196,29,216,51,1308.jpg
BikesHelmets596.png,Without Helmet,44,37,60,56,1309.jpg
BikesHelmets596.png,Without Helmet,90,42,104,58,1310.jpg
BikesHelmets31.png,Without Helmet,312,248,345,284,1311.jpg
BikesHelmets582.png,With Helmet,400,69,443,123,1312.jpg
BikesHelmets582.png,With Helmet,257,62,295,96,1313.jpg
BikesHelmets582.png,With Helmet,116,73,165,125,1314.jpg
BikesHelmets25.png,With Helmet,258,20,298,75,1315.jpg
BikesHelmets25.png,With Helmet,107,3,160,48,1316.jpg
BikesHelmets19.png,With Helmet,154,5,221,82,1317.jpg
BikesHelmets19.png,With Helmet,309,82,345,130,1318.jpg
BikesHelmets555.png,With Helmet,239,90,268,122,1319.jpg
BikesHelmets555.png,With Helmet,129,83,154,117,1320.jpg
BikesHelmets555.png,With Helmet,326,104,347,130,1321.jpg
BikesHelmets555.png,With Helmet,278,85,301,109,1322.jpg
BikesHelmets555.png,With Helmet,85,102,107,123,1323.jpg
BikesHelmets555.png,With Helmet,188,86,204,112,1324.jpg
BikesHelmets233.png,With Helmet,169,10,220,65,1325.jpg
BikesHelmets227.png,With Helmet,46,25,119,105,1326.jpg
BikesHelmets541.png,With Helmet,69,3,120,58,1327.jpg
BikesHelmets541.png,With Helmet,285,5,346,76,1328.jpg
BikesHelmets541.png,With Helmet,30,7,72,61,1329.jpg
BikesHelmets569.png,Without Helmet,128,27,189,103,1330.jpg
BikesHelmets1.png,With Helmet,161,0,252,82,1331.jpg
BikesHelmets757.png,With Helmet,215,59,258,114,1332.jpg
BikesHelmets757.png,With Helmet,403,57,442,104,1333.jpg
BikesHelmets757.png,With Helmet,127,77,165,120,1334.jpg
BikesHelmets743.png,Without Helmet,199,18,245,71,1335.jpg
BikesHelmets755.png,With Helmet,139,2,180,53,1336.jpg
BikesHelmets3.png,With Helmet,202,39,222,64,1337.jpg
BikesHelmets3.png,With Helmet,288,50,305,74,1338.jpg
BikesHelmets741.png,With Helmet,293,30,355,102,1339.jpg
BikesHelmets219.png,With Helmet,205,25,266,82,1340.jpg
BikesHelmets219.png,With Helmet,60,46,109,93,1341.jpg
BikesHelmets219.png,With Helmet,419,10,482,84,1342.jpg
BikesHelmets231.png,With Helmet,152,6,206,55,1343.jpg
BikesHelmets231.png,Without Helmet,226,12,273,53,1344.jpg
BikesHelmets557.png,With Helmet,232,63,253,91,1345.jpg
BikesHelmets557.png,With Helmet,282,65,303,87,1346.jpg
BikesHelmets557.png,Without Helmet,130,54,149,79,1347.jpg
BikesHelmets557.png,Without Helmet,41,55,67,79,1348.jpg
BikesHelmets557.png,Without Helmet,323,60,339,78,1349.jpg
BikesHelmets543.png,With Helmet,100,57,162,126,1350.jpg
BikesHelmets225.png,With Helmet,139,24,190,70,1351.jpg
BikesHelmets594.png,Without Helmet,244,11,285,48,1352.jpg
BikesHelmets594.png,Without Helmet,96,16,124,50,1353.jpg
BikesHelmets33.png,With Helmet,29,27,100,102,1354.jpg
BikesHelmets33.png,With Helmet,175,58,217,111,1355.jpg
BikesHelmets580.png,With Helmet,203,1,272,75,1356.jpg
BikesHelmets27.png,With Helmet,179,14,265,92,1357.jpg
BikesHelmets379.png,Without Helmet,150,1,188,46,1358.jpg
BikesHelmets345.png,With Helmet,192,39,226,83,1359.jpg
BikesHelmets423.png,Without Helmet,77,71,93,95,1360.jpg
BikesHelmets437.png,With Helmet,114,10,151,54,1361.jpg
BikesHelmets437.png,With Helmet,236,17,279,64,1362.jpg
BikesHelmets351.png,With Helmet,183,103,221,147,1363.jpg
BikesHelmets351.png,With Helmet,322,81,355,119,1364.jpg
BikesHelmets351.png,With Helmet,249,60,283,100,1365.jpg
BikesHelmets351.png,With Helmet,65,48,95,77,1366.jpg
BikesHelmets351.png,With Helmet,10,74,45,111,1367.jpg
BikesHelmets351.png,With Helmet,123,58,155,91,1368.jpg
BikesHelmets351.png,With Helmet,197,29,229,63,1369.jpg
BikesHelmets351.png,With Helmet,367,40,396,74,1370.jpg
BikesHelmets351.png,With Helmet,280,21,303,47,1371.jpg
BikesHelmets386.png,With Helmet,210,38,248,86,1372.jpg
BikesHelmets386.png,With Helmet,310,24,343,65,1373.jpg
BikesHelmets386.png,With Helmet,126,43,158,82,1374.jpg
BikesHelmets392.png,With Helmet,272,35,322,93,1375.jpg
BikesHelmets392.png,With Helmet,34,58,97,111,1376.jpg
BikesHelmets609.png,Without Helmet,241,59,269,95,1377.jpg
BikesHelmets609.png,With Helmet,192,65,221,99,1378.jpg
BikesHelmets609.png,Without Helmet,156,63,178,91,1379.jpg
BikesHelmets609.png,Without Helmet,109,59,129,79,1380.jpg
BikesHelmets609.png,Without Helmet,324,57,348,92,1381.jpg
BikesHelmets621.png,With Helmet,199,7,258,84,1382.jpg
BikesHelmets621.png,With Helmet,133,40,186,88,1383.jpg
BikesHelmets147.png,With Helmet,212,70,328,191,1384.jpg
BikesHelmets153.png,With Helmet,90,54,177,145,1385.jpg
BikesHelmets635.png,Without Helmet,283,26,306,55,1386.jpg
BikesHelmets635.png,Without Helmet,225,21,240,44,1387.jpg
BikesHelmets184.png,With Helmet,278,155,295,172,1388.jpg
BikesHelmets190.png,Without Helmet,326,67,387,127,1389.jpg
BikesHelmets191.png,With Helmet,196,11,260,71,1390.jpg
BikesHelmets185.png,With Helmet,117,77,255,223,1391.jpg
BikesHelmets152.png,With Helmet,342,131,385,178,1392.jpg
BikesHelmets152.png,With Helmet,240,122,276,166,1393.jpg
BikesHelmets152.png,With Helmet,414,123,451,154,1394.jpg
BikesHelmets152.png,With Helmet,486,124,519,177,1395.jpg
BikesHelmets152.png,With Helmet,94,109,117,131,1396.jpg
BikesHelmets152.png,With Helmet,174,111,201,139,1397.jpg
BikesHelmets634.png,Without Helmet,164,32,209,97,1398.jpg
BikesHelmets634.png,Without Helmet,82,16,137,89,1399.jpg
BikesHelmets620.png,With Helmet,195,42,215,70,1400.jpg
BikesHelmets620.png,With Helmet,112,45,135,78,1401.jpg
BikesHelmets620.png,With Helmet,149,47,164,68,1402.jpg
BikesHelmets146.png,With Helmet,452,88,555,207,1403.jpg
BikesHelmets146.png,With Helmet,309,92,402,202,1404.jpg
BikesHelmets146.png,With Helmet,180,111,247,187,1405.jpg
BikesHelmets146.png,With Helmet,51,108,159,220,1406.jpg
BikesHelmets608.png,With Helmet,165,2,235,87,1407.jpg
BikesHelmets393.png,Without Helmet,241,53,280,91,1408.jpg
BikesHelmets393.png,Without Helmet,84,72,116,103,1409.jpg
BikesHelmets387.png,Without Helmet,66,33,102,72,1410.jpg
BikesHelmets387.png,Without Helmet,191,24,220,64,1411.jpg
BikesHelmets387.png,Without Helmet,291,34,325,71,1412.jpg
BikesHelmets387.png,Without Helmet,237,44,259,68,1413.jpg
BikesHelmets387.png,Without Helmet,113,46,145,75,1414.jpg
BikesHelmets436.png,Without Helmet,98,7,179,114,1415.jpg
BikesHelmets436.png,Without Helmet,210,5,285,90,1416.jpg
BikesHelmets350.png,With Helmet,188,2,249,77,1417.jpg
BikesHelmets344.png,Without Helmet,124,17,151,47,1418.jpg
BikesHelmets344.png,Without Helmet,78,21,101,45,1419.jpg
BikesHelmets344.png,Without Helmet,197,22,217,50,1420.jpg
BikesHelmets422.png,Without Helmet,23,42,47,68,1421.jpg
BikesHelmets422.png,With Helmet,267,24,286,41,1422.jpg
BikesHelmets422.png,Without Helmet,352,48,380,71,1423.jpg
BikesHelmets422.png,Without Helmet,121,46,144,74,1424.jpg
BikesHelmets422.png,Without Helmet,229,60,258,93,1425.jpg
BikesHelmets378.png,With Helmet,174,63,244,143,1426.jpg
BikesHelmets378.png,With Helmet,146,8,196,67,1427.jpg
BikesHelmets26.png,With Helmet,223,108,358,247,1428.jpg
BikesHelmets26.png,With Helmet,314,177,429,297,1429.jpg
BikesHelmets581.png,With Helmet,264,101,322,159,1430.jpg
BikesHelmets581.png,Without Helmet,357,94,401,138,1431.jpg
BikesHelmets32.png,With Helmet,38,69,97,140,1432.jpg
BikesHelmets32.png,With Helmet,217,10,297,103,1433.jpg
BikesHelmets595.png,With Helmet,114,64,181,128,1434.jpg
BikesHelmets542.png,With Helmet,169,4,238,56,1435.jpg
BikesHelmets224.png,With Helmet,202,32,236,57,1436.jpg
BikesHelmets230.png,With Helmet,179,2,215,43,1437.jpg
BikesHelmets556.png,Without Helmet,187,23,239,75,1438.jpg
BikesHelmets218.png,With Helmet,112,40,192,125,1439.jpg
BikesHelmets740.png,With Helmet,309,27,329,49,1440.jpg
BikesHelmets740.png,Without Helmet,345,22,367,47,1441.jpg
BikesHelmets740.png,Without Helmet,202,32,225,56,1442.jpg
BikesHelmets740.png,Without Helmet,107,33,131,58,1443.jpg
BikesHelmets740.png,Without Helmet,17,30,43,56,1444.jpg
BikesHelmets740.png,Without Helmet,239,24,255,47,1445.jpg
BikesHelmets740.png,With Helmet,69,29,91,54,1446.jpg
BikesHelmets754.png,With Helmet,168,37,289,136,1447.jpg
BikesHelmets2.png,With Helmet,283,14,328,61,1448.jpg
BikesHelmets2.png,With Helmet,206,27,246,77,1449.jpg
BikesHelmets2.png,With Helmet,107,13,161,73,1450.jpg
